{"paragraphs":[{"text":"%md\n\n## Data loading","user":"anonymous","dateUpdated":"May 9, 2018 7:32:39 AM","config":{"colWidth":12,"enabled":true,"results":{},"editorSetting":{"language":"markdown","editOnDblClick":"true"},"editorMode":"ace/mode/markdown","editorHide":true,"tableHide":false},"settings":{"params":{},"forms":{}},"results":{"code":"SUCCESS","msg":[{"type":"HTML","data":"<div class=\"markdown-body\">\n<h2>Data loading</h2>\n</div>"}]},"apps":[],"jobName":"paragraph_1525850124765_-1482321268","id":"20180509-071524_1354645913","dateCreated":"May 9, 2018 7:15:24 AM","dateStarted":"May 9, 2018 7:32:39 AM","dateFinished":"May 9, 2018 7:32:39 AM","status":"FINISHED","progressUpdateIntervalMs":500},{"title":"SF Data loading","text":"%sh\n#==================\n#Changed Variable\n#=================\ndata='sf'\n\n#=================\n#Immutable Variable\n#================\ntempdir=`date +%s`\nfiletype='zip'\nfilename=$data.$filetype\ndir=$data\n\nmkdir $tempdir\ncd $tempdir\n\nif $(hadoop fs -test -d $data)\nthen\n    hadoop fs -rmr $dir\nfi\n\nhadoop fs -mkdir $dir\n\nwget https://github.com/taewanme/dataset/raw/master/$filename\nunzip $filename\n\ncd $dir\n#===========================\n# put file list\n#===========================\nhadoop fs -put ./sf_fire201702.csv $dir\nhadoop fs -put ./people.json $dir\n\ncd ../..\nrm -rf $tempdir\n\n","user":"anonymous","dateUpdated":"May 9, 2018 7:32:22 AM","config":{"colWidth":12,"enabled":true,"results":{},"editorSetting":{"language":"scala","editOnDblClick":false},"editorMode":"ace/mode/scala","title":true},"settings":{"params":{},"forms":{}},"results":{"code":"SUCCESS","msg":[{"type":"TEXT","data":"--2018-05-09 07:19:20--  https://github.com/taewanme/dataset/raw/master/sf.zip\nResolving github.com... 192.30.255.112, 192.30.255.113\nConnecting to github.com|192.30.255.112|:443... connected.\nHTTP request sent, awaiting response... 302 Found\nLocation: https://raw.githubusercontent.com/taewanme/dataset/master/sf.zip [following]\n--2018-05-09 07:19:21--  https://raw.githubusercontent.com/taewanme/dataset/master/sf.zip\nResolving raw.githubusercontent.com... 151.101.40.133\nConnecting to raw.githubusercontent.com|151.101.40.133|:443... connected.\nHTTP request sent, awaiting response... 200 OK\nLength: 1375460 (1.3M) [application/zip]\nSaving to: “sf.zip”\n\n     0K .......... .......... .......... .......... ..........  3%  430K 3s\n    50K .......... .......... .......... .......... ..........  7% 1.16M 2s\n   100K .......... .......... .......... .......... .......... 11% 2.70M 1s\n   150K .......... .......... .......... .......... .......... 14% 3.66M 1s\n   200K .......... .......... .......... .......... .......... 18% 2.00M 1s\n   250K .......... .......... .......... .......... .......... 22% 4.39M 1s\n   300K .......... .......... .......... .......... .......... 26% 5.99M 1s\n   350K .......... .......... .......... .......... .......... 29% 5.67M 1s\n   400K .......... .......... .......... .......... .......... 33% 2.55M 1s\n   450K .......... .......... .......... .......... .......... 37% 9.98M 0s\n   500K .......... .......... .......... .......... .......... 40% 6.06M 0s\n   550K .......... .......... .......... .......... .......... 44% 14.5M 0s\n   600K .......... .......... .......... .......... .......... 48% 11.0M 0s\n   650K .......... .......... .......... .......... .......... 52% 15.0M 0s\n   700K .......... .......... .......... .......... .......... 55% 12.9M 0s\n   750K .......... .......... .......... .......... .......... 59% 10.6M 0s\n   800K .......... .......... .......... .......... .......... 63% 19.7M 0s\n   850K .......... .......... .......... .......... .......... 67% 3.20M 0s\n   900K .......... .......... .......... .......... .......... 70% 17.6M 0s\n   950K .......... .......... .......... .......... .......... 74% 17.2M 0s\n  1000K .......... .......... .......... .......... .......... 78% 17.7M 0s\n  1050K .......... .......... .......... .......... .......... 81% 20.1M 0s\n  1100K .......... .......... .......... .......... .......... 85% 11.3M 0s\n  1150K .......... .......... .......... .......... .......... 89% 13.4M 0s\n  1200K .......... .......... .......... .......... .......... 93% 22.7M 0s\n  1250K .......... .......... .......... .......... .......... 96% 27.6M 0s\n  1300K .......... .......... .......... .......... ...       100% 26.6M=0.3s\n\n2018-05-09 07:19:22 (3.91 MB/s) - “sf.zip” saved [1375460/1375460]\n\nArchive:  sf.zip\n   creating: sf/\n  inflating: sf/people.json          \n  inflating: sf/sf_fire201702.csv    \n"}]},"apps":[],"jobName":"paragraph_1525850344633_-840069729","id":"20180509-071904_929866065","dateCreated":"May 9, 2018 7:19:04 AM","dateStarted":"May 9, 2018 7:19:15 AM","dateFinished":"May 9, 2018 7:19:28 AM","status":"FINISHED","progressUpdateIntervalMs":500},{"title":"SF Data verification","text":"%sh\nhadoop fs -ls ./sf","user":"anonymous","dateUpdated":"May 9, 2018 7:33:40 AM","config":{"colWidth":12,"enabled":true,"results":{},"editorSetting":{"language":"sh","editOnDblClick":"false"},"editorMode":"ace/mode/sh","title":true},"settings":{"params":{},"forms":{}},"results":{"code":"SUCCESS","msg":[{"type":"TEXT","data":"Found 2 items\n-rw-r--r--   2 zeppelin hdfs         73 2018-05-09 07:19 sf/people.json\n-rw-r--r--   2 zeppelin hdfs    9545959 2018-05-09 07:19 sf/sf_fire201702.csv\n"}]},"apps":[],"jobName":"paragraph_1525850355483_956338210","id":"20180509-071915_513335377","dateCreated":"May 9, 2018 7:19:15 AM","dateStarted":"May 9, 2018 7:21:34 AM","dateFinished":"May 9, 2018 7:21:37 AM","status":"FINISHED","progressUpdateIntervalMs":500},{"title":"Weblog Data loading","text":"%sh\n#==================\n#Changed Variable\n#=================\ndata='weblog'\n\n#=================\n#Immutable Variable\n#================\ntempdir=`date +%s`\nfiletype='zip'\nfilename=$data.$filetype\ndir=$data\n\nmkdir $tempdir\ncd $tempdir\n\nif $(hadoop fs -test -d $data)\nthen\n    hadoop fs -rmr $dir\nfi\n\nhadoop fs -mkdir $dir\n\nwget -o /dev/null https://github.com/taewanme/dataset/raw/master/$filename\nunzip $filename\n\ncd $dir\n#===========================\n# put file list\n#===========================\nhadoop fs -put ./logfiledata.txt $dir\n\ncd ../..\nrm -rf $tempdir\n\nhadoop fs -ls $dir\n","user":"anonymous","dateUpdated":"May 9, 2018 7:40:12 AM","config":{"colWidth":12,"enabled":true,"results":{},"editorSetting":{"editOnDblClick":"false","language":"scala"},"editorMode":"ace/mode/scala","editorHide":false,"tableHide":false,"title":true},"settings":{"params":{},"forms":{}},"results":{"code":"SUCCESS","msg":[{"type":"TEXT","data":"Archive:  weblog.zip\n   creating: weblog/\n  inflating: weblog/.DS_Store        \n   creating: __MACOSX/\n   creating: __MACOSX/weblog/\n  inflating: __MACOSX/weblog/._.DS_Store  \n  inflating: weblog/logfiledata.txt  \nFound 1 items\n-rw-r--r--   2 zeppelin hdfs   18573207 2018-05-09 07:39 weblog/logfiledata.txt\n"}]},"apps":[],"jobName":"paragraph_1525850494640_930776217","id":"20180509-072134_1381023990","dateCreated":"May 9, 2018 7:21:34 AM","dateStarted":"May 9, 2018 7:39:38 AM","dateFinished":"May 9, 2018 7:39:50 AM","status":"FINISHED","progressUpdateIntervalMs":500},{"title":"Weblog data verification","text":"%sh\nhadoop fs -ls ./weblog","user":"anonymous","dateUpdated":"May 9, 2018 7:40:57 AM","config":{"colWidth":12,"enabled":true,"results":{},"editorSetting":{"language":"scala"},"editorMode":"ace/mode/scala","title":true},"settings":{"params":{},"forms":{}},"results":{"code":"SUCCESS","msg":[{"type":"TEXT","data":"Found 1 items\n-rw-r--r--   2 zeppelin hdfs   18573207 2018-05-09 07:39 weblog/logfiledata.txt\n"}]},"apps":[],"jobName":"paragraph_1525851577704_810310417","id":"20180509-073937_655603628","dateCreated":"May 9, 2018 7:39:37 AM","dateStarted":"May 9, 2018 7:40:34 AM","dateFinished":"May 9, 2018 7:40:37 AM","status":"FINISHED","progressUpdateIntervalMs":500},{"title":"Real estate data loading","text":"%sh\n#==================\n#Changed Variable\n#=================\ndata='realestate'\n\n#=================\n#Immutable Variable\n#================\ntempdir=`date +%s`\nfiletype='zip'\nfilename=$data.$filetype\ndir=$data\n\nmkdir $tempdir\ncd $tempdir\n\nif $(hadoop fs -test -d $data)\nthen\n    hadoop fs -rmr $dir\nfi\n\nhadoop fs -mkdir $dir\n\nwget -o /dev/null https://github.com/taewanme/dataset/raw/master/$filename\nunzip $filename\n\ncd $dir\n#===========================\n# put file list\n#===========================\nhadoop fs -put ./2016_11_apt_data.csv $dir\nhadoop fs -put ./2016_12_apt_data.csv $dir\nhadoop fs -put ./2016_01_apt_data.csv $dir\nhadoop fs -put ./2016_02_apt_data.csv $dir\nhadoop fs -put ./2016_03_apt_data.csv $dir\nhadoop fs -put ./2016_04_apt_data.csv $dir\nhadoop fs -put ./2016_05_apt_data.csv $dir\nhadoop fs -put ./2016_06_apt_data.csv $dir\nhadoop fs -put ./2016_07_apt_data.csv $dir\nhadoop fs -put ./2016_08_apt_data.csv $dir\nhadoop fs -put ./2016_09_apt_data.csv $dir\nhadoop fs -put ./2016_10_apt_data.csv $dir\n\ncd ../..\nrm -rf $tempdir","user":"anonymous","dateUpdated":"May 9, 2018 7:46:47 AM","config":{"colWidth":12,"enabled":true,"results":{},"editorSetting":{"language":"scala"},"editorMode":"ace/mode/scala","title":true},"settings":{"params":{},"forms":{}},"results":{"code":"SUCCESS","msg":[{"type":"TEXT","data":"rmr: DEPRECATED: Please use 'rm -r' instead.\n18/05/09 07:46:52 INFO fs.TrashPolicyDefault: Namenode trash configuration: Deletion interval = 0 minutes, Emptier interval = 0 minutes.\nDeleted realestate\nArchive:  realestate.zip\n   creating: realestate/\n  inflating: realestate/2016_01_apt_data.csv  \n   creating: __MACOSX/\n   creating: __MACOSX/realestate/\n  inflating: __MACOSX/realestate/._2016_01_apt_data.csv  \n  inflating: realestate/2016_02_apt_data.csv  \n  inflating: __MACOSX/realestate/._2016_02_apt_data.csv  \n  inflating: realestate/2016_03_apt_data.csv  \n  inflating: __MACOSX/realestate/._2016_03_apt_data.csv  \n  inflating: realestate/2016_04_apt_data.csv  \n  inflating: __MACOSX/realestate/._2016_04_apt_data.csv  \n  inflating: realestate/2016_05_apt_data.csv  \n  inflating: __MACOSX/realestate/._2016_05_apt_data.csv  \n  inflating: realestate/2016_06_apt_data.csv  \n  inflating: __MACOSX/realestate/._2016_06_apt_data.csv  \n  inflating: realestate/2016_07_apt_data.csv  \n  inflating: __MACOSX/realestate/._2016_07_apt_data.csv  \n  inflating: realestate/2016_08_apt_data.csv  \n  inflating: __MACOSX/realestate/._2016_08_apt_data.csv  \n  inflating: realestate/2016_09_apt_data.csv  \n  inflating: __MACOSX/realestate/._2016_09_apt_data.csv  \n  inflating: realestate/2016_10_apt_data.csv  \n  inflating: __MACOSX/realestate/._2016_10_apt_data.csv  \n  inflating: realestate/2016_11_apt_data.csv  \n  inflating: __MACOSX/realestate/._2016_11_apt_data.csv  \n  inflating: realestate/2016_12_apt_data.csv  \n  inflating: __MACOSX/realestate/._2016_12_apt_data.csv  \n  inflating: __MACOSX/._realestate   \n"}]},"apps":[],"jobName":"paragraph_1525851634617_-466827714","id":"20180509-074034_1191198436","dateCreated":"May 9, 2018 7:40:34 AM","dateStarted":"May 9, 2018 7:46:47 AM","dateFinished":"May 9, 2018 7:47:34 AM","status":"FINISHED","progressUpdateIntervalMs":500},{"title":"Real estate data verification","text":"%sh\n\nhadoop fs -ls ./realestate","user":"anonymous","dateUpdated":"May 9, 2018 7:47:54 AM","config":{"colWidth":12,"enabled":true,"results":{},"editorSetting":{"language":"scala"},"editorMode":"ace/mode/scala","title":true},"settings":{"params":{},"forms":{}},"results":{"code":"SUCCESS","msg":[{"type":"TEXT","data":"Found 12 items\n-rw-r--r--   2 zeppelin hdfs    3717988 2018-05-09 07:47 realestate/2016_01_apt_data.csv\n-rw-r--r--   2 zeppelin hdfs    3761989 2018-05-09 07:47 realestate/2016_02_apt_data.csv\n-rw-r--r--   2 zeppelin hdfs    5624033 2018-05-09 07:47 realestate/2016_03_apt_data.csv\n-rw-r--r--   2 zeppelin hdfs    5743712 2018-05-09 07:47 realestate/2016_04_apt_data.csv\n-rw-r--r--   2 zeppelin hdfs    5426876 2018-05-09 07:47 realestate/2016_05_apt_data.csv\n-rw-r--r--   2 zeppelin hdfs    6231034 2018-05-09 07:47 realestate/2016_06_apt_data.csv\n-rw-r--r--   2 zeppelin hdfs    6200405 2018-05-09 07:47 realestate/2016_07_apt_data.csv\n-rw-r--r--   2 zeppelin hdfs    6315211 2018-05-09 07:47 realestate/2016_08_apt_data.csv\n-rw-r--r--   2 zeppelin hdfs    6358498 2018-05-09 07:47 realestate/2016_09_apt_data.csv\n-rw-r--r--   2 zeppelin hdfs    6673102 2018-05-09 07:47 realestate/2016_10_apt_data.csv\n-rw-r--r--   2 zeppelin hdfs    4674761 2018-05-09 07:47 realestate/2016_11_apt_data.csv\n-rw-r--r--   2 zeppelin hdfs    2627298 2018-05-09 07:47 realestate/2016_12_apt_data.csv\n"}]},"apps":[],"jobName":"paragraph_1525851897814_1349170126","id":"20180509-074457_692986385","dateCreated":"May 9, 2018 7:44:57 AM","dateStarted":"May 9, 2018 7:47:54 AM","dateFinished":"May 9, 2018 7:47:57 AM","status":"FINISHED","progressUpdateIntervalMs":500},{"title":"Customs service data loading","text":"%sh\n#==================\n#Changed Variable\n#=================\ndata='custom'\n\n#=================\n#Immutable Variable\n#================\ntempdir=`date +%s`\nfiletype='zip'\nfilename=$data.$filetype\ndir=$data\n\nmkdir $tempdir\ncd $tempdir\n\nif $(hadoop fs -test -d $data)\nthen\n    hadoop fs -rmr $dir\nfi\n\nhadoop fs -mkdir $dir\n\nwget https://github.com/taewanme/dataset/raw/master/$filename\nunzip $filename\n\ncd $dir\n#===========================\n# put file list\n#===========================\nhadoop fs -put ./national_economy.csv $dir\nhadoop fs -put ./national.csv $dir\nhadoop fs -put ./new_char_data.csv $dir\nhadoop fs -put ./per_year.csv $dir\n\ncd ../..\nrm -rf $tempdir\n","user":"anonymous","dateUpdated":"May 9, 2018 7:54:32 AM","config":{"colWidth":12,"enabled":true,"results":{},"editorSetting":{"language":"scala"},"editorMode":"ace/mode/scala","title":true},"settings":{"params":{},"forms":{}},"results":{"code":"SUCCESS","msg":[{"type":"TEXT","data":"--2018-05-09 07:54:38--  https://github.com/taewanme/dataset/raw/master/custom.zip\nResolving github.com... 192.30.253.113, 192.30.253.112\nConnecting to github.com|192.30.253.113|:443... connected.\nHTTP request sent, awaiting response... 302 Found\nLocation: https://raw.githubusercontent.com/taewanme/dataset/master/custom.zip [following]\n--2018-05-09 07:54:38--  https://raw.githubusercontent.com/taewanme/dataset/master/custom.zip\nResolving raw.githubusercontent.com... 151.101.40.133\nConnecting to raw.githubusercontent.com|151.101.40.133|:443... connected.\nHTTP request sent, awaiting response... 200 OK\nLength: 9136293 (8.7M) [application/zip]\nSaving to: “custom.zip”\n\n     0K .......... .......... .......... .......... ..........  0%  421K 21s\n    50K .......... .......... .......... .......... ..........  1% 1.20M 14s\n   100K .......... .......... .......... .......... ..........  1% 2.74M 10s\n   150K .......... .......... .......... .......... ..........  2% 2.14M 9s\n   200K .......... .......... .......... .......... ..........  2% 3.40M 7s\n   250K .......... .......... .......... .......... ..........  3% 5.76M 6s\n   300K .......... .......... .......... .......... ..........  3% 5.92M 6s\n   350K .......... .......... .......... .......... ..........  4% 1.87M 5s\n   400K .......... .......... .......... .......... ..........  5% 3.28M 5s\n   450K .......... .......... .......... .......... ..........  5% 4.47M 5s\n   500K .......... .......... .......... .......... ..........  6% 4.26M 4s\n   550K .......... .......... .......... .......... ..........  6% 2.72M 4s\n   600K .......... .......... .......... .......... ..........  7% 4.46M 4s\n   650K .......... .......... .......... .......... ..........  7% 4.42M 4s\n   700K .......... .......... .......... .......... ..........  8% 4.55M 4s\n   750K .......... .......... .......... .......... ..........  8% 3.06M 4s\n   800K .......... .......... .......... .......... ..........  9% 3.19M 4s\n   850K .......... .......... .......... .......... .......... 10% 4.91M 3s\n   900K .......... .......... .......... .......... .......... 10% 4.34M 3s\n   950K .......... .......... .......... .......... .......... 11% 3.53M 3s\n  1000K .......... .......... .......... .......... .......... 11% 4.33M 3s\n  1050K .......... .......... .......... .......... .......... 12% 4.13M 3s\n  1100K .......... .......... .......... .......... .......... 12% 4.46M 3s\n  1150K .......... .......... .......... .......... .......... 13% 5.02M 3s\n  1200K .......... .......... .......... .......... .......... 14% 2.74M 3s\n  1250K .......... .......... .......... .......... .......... 14% 3.38M 3s\n  1300K .......... .......... .......... .......... .......... 15% 4.49M 3s\n  1350K .......... .......... .......... .......... .......... 15% 4.88M 3s\n  1400K .......... .......... .......... .......... .......... 16% 4.38M 3s\n  1450K .......... .......... .......... .......... .......... 16% 4.20M 3s\n  1500K .......... .......... .......... .......... .......... 17% 2.93M 3s\n  1550K .......... .......... .......... .......... .......... 17% 6.69M 3s\n  1600K .......... .......... .......... .......... .......... 18% 3.12M 3s\n  1650K .......... .......... .......... .......... .......... 19% 4.48M 2s\n  1700K .......... .......... .......... .......... .......... 19% 2.81M 2s\n  1750K .......... .......... .......... .......... .......... 20% 4.78M 2s\n  1800K .......... .......... .......... .......... .......... 20% 5.06M 2s\n  1850K .......... .......... .......... .......... .......... 21% 5.02M 2s\n  1900K .......... .......... .......... .......... .......... 21% 3.64M 2s\n  1950K .......... .......... .......... .......... .......... 22% 3.57M 2s\n  2000K .......... .......... .......... .......... .......... 22% 3.50M 2s\n  2050K .......... .......... .......... .......... .......... 23% 4.89M 2s\n  2100K .......... .......... .......... .......... .......... 24% 4.04M 2s\n  2150K .......... .......... .......... .......... .......... 24% 3.43M 2s\n  2200K .......... .......... .......... .......... .......... 25% 5.38M 2s\n  2250K .......... .......... .......... .......... .......... 25% 4.32M 2s\n  2300K .......... .......... .......... .......... .......... 26% 4.55M 2s\n  2350K .......... .......... .......... .......... .......... 26% 4.75M 2s\n  2400K .......... .......... .......... .......... .......... 27% 2.82M 2s\n  2450K .......... .......... .......... .......... .......... 28% 4.34M 2s\n  2500K .......... .......... .......... .......... .......... 28% 4.61M 2s\n  2550K .......... .......... .......... .......... .......... 29% 4.64M 2s\n  2600K .......... .......... .......... .......... .......... 29% 3.35M 2s\n  2650K .......... .......... .......... .......... .......... 30% 5.08M 2s\n  2700K .......... .......... .......... .......... .......... 30% 4.31M 2s\n  2750K .......... .......... .......... .......... .......... 31% 4.00M 2s\n  2800K .......... .......... .......... .......... .......... 31% 2.81M 2s\n  2850K .......... .......... .......... .......... .......... 32% 5.36M 2s\n  2900K .......... .......... .......... .......... .......... 33% 4.05M 2s\n  2950K .......... .......... .......... .......... .......... 33% 5.18M 2s\n  3000K .......... .......... .......... .......... .......... 34% 3.02M 2s\n  3050K .......... .......... .......... .......... .......... 34% 5.54M 2s\n  3100K .......... .......... .......... .......... .......... 35% 4.54M 2s\n  3150K .......... .......... .......... .......... .......... 35% 5.05M 2s\n  3200K .......... .......... .......... .......... .......... 36% 3.30M 2s\n  3250K .......... .......... .......... .......... .......... 36% 3.36M 2s\n  3300K .......... .......... .......... .......... .......... 37% 5.11M 2s\n  3350K .......... .......... .......... .......... .......... 38% 4.57M 2s\n  3400K .......... .......... .......... .......... .......... 38% 4.29M 2s\n  3450K .......... .......... .......... .......... .......... 39% 3.58M 2s\n  3500K .......... .......... .......... .......... .......... 39% 5.11M 2s\n  3550K .......... .......... .......... .......... .......... 40% 4.67M 2s\n  3600K .......... .......... .......... .......... .......... 40% 3.51M 2s\n  3650K .......... .......... .......... .......... .......... 41% 4.49M 1s\n  3700K .......... .......... .......... .......... .......... 42% 3.65M 1s\n  3750K .......... .......... .......... .......... .......... 42% 4.53M 1s\n  3800K .......... .......... .......... .......... .......... 43% 4.41M 1s\n  3850K .......... .......... .......... .......... .......... 43% 4.79M 1s\n  3900K .......... .......... .......... .......... .......... 44% 3.30M 1s\n  3950K .......... .......... .......... .......... .......... 44% 5.31M 1s\n  4000K .......... .......... .......... .......... .......... 45% 3.56M 1s\n  4050K .......... .......... .......... .......... .......... 45% 4.59M 1s\n  4100K .......... .......... .......... .......... .......... 46% 3.39M 1s\n  4150K .......... .......... .......... .......... .......... 47% 5.05M 1s\n  4200K .......... .......... .......... .......... .......... 47% 4.73M 1s\n  4250K .......... .......... .......... .......... .......... 48% 4.50M 1s\n  4300K .......... .......... .......... .......... .......... 48% 4.97M 1s\n  4350K .......... .......... .......... .......... .......... 49% 3.39M 1s\n  4400K .......... .......... .......... .......... .......... 49% 3.86M 1s\n  4450K .......... .......... .......... .......... .......... 50% 4.57M 1s\n  4500K .......... .......... .......... .......... .......... 50% 4.97M 1s\n  4550K .......... .......... .......... .......... .......... 51% 3.32M 1s\n  4600K .......... .......... .......... .......... .......... 52% 4.82M 1s\n  4650K .......... .......... .......... .......... .......... 52% 4.96M 1s\n  4700K .......... .......... .......... .......... .......... 53% 4.29M 1s\n  4750K .......... .......... .......... .......... .......... 53% 5.35M 1s\n  4800K .......... .......... .......... .......... .......... 54% 2.77M 1s\n  4850K .......... .......... .......... .......... .......... 54% 4.88M 1s\n  4900K .......... .......... .......... .......... .......... 55% 3.42M 1s\n  4950K .......... .......... .......... .......... .......... 56% 5.25M 1s\n  5000K .......... .......... .......... .......... .......... 56% 4.48M 1s\n  5050K .......... .......... .......... .......... .......... 57% 4.84M 1s\n  5100K .......... .......... .......... .......... .......... 57% 5.27M 1s\n  5150K .......... .......... .......... .......... .......... 58% 3.24M 1s\n  5200K .......... .......... .......... .......... .......... 58% 3.80M 1s\n  5250K .......... .......... .......... .......... .......... 59% 4.52M 1s\n  5300K .......... .......... .......... .......... .......... 59% 5.36M 1s\n  5350K .......... .......... .......... .......... .......... 60% 3.17M 1s\n  5400K .......... .......... .......... .......... .......... 61% 5.37M 1s\n  5450K .......... .......... .......... .......... .......... 61% 4.66M 1s\n  5500K .......... .......... .......... .......... .......... 62% 4.68M 1s\n  5550K .......... .......... .......... .......... .......... 62% 5.31M 1s\n  5600K .......... .......... .......... .......... .......... 63% 2.78M 1s\n  5650K .......... .......... .......... .......... .......... 63% 5.36M 1s\n  5700K .......... .......... .......... .......... .......... 64% 4.07M 1s\n  5750K .......... .......... .......... .......... .......... 65% 5.37M 1s\n  5800K .......... .......... .......... .......... .......... 65% 3.52M 1s\n  5850K .......... .......... .......... .......... .......... 66% 5.05M 1s\n  5900K .......... .......... .......... .......... .......... 66% 5.11M 1s\n  5950K .......... .......... .......... .......... .......... 67% 4.53M 1s\n  6000K .......... .......... .......... .......... .......... 67% 2.77M 1s\n  6050K .......... .......... .......... .......... .......... 68% 5.16M 1s\n  6100K .......... .......... .......... .......... .......... 68% 5.56M 1s\n  6150K .......... .......... .......... .......... .......... 69% 3.10M 1s\n  6200K .......... .......... .......... .......... .......... 70% 5.32M 1s\n  6250K .......... .......... .......... .......... .......... 70% 4.83M 1s\n  6300K .......... .......... .......... .......... .......... 71% 5.06M 1s\n  6350K .......... .......... .......... .......... .......... 71% 4.91M 1s\n  6400K .......... .......... .......... .......... .......... 72% 2.81M 1s\n  6450K .......... .......... .......... .......... .......... 72% 5.31M 1s\n  6500K .......... .......... .......... .......... .......... 73% 4.52M 1s\n  6550K .......... .......... .......... .......... .......... 73% 5.41M 1s\n  6600K .......... .......... .......... .......... .......... 74% 3.29M 1s\n  6650K .......... .......... .......... .......... .......... 75% 4.91M 1s\n  6700K .......... .......... .......... .......... .......... 75% 4.97M 1s\n  6750K .......... .......... .......... .......... .......... 76% 5.19M 1s\n  6800K .......... .......... .......... .......... .......... 76% 3.90M 1s\n  6850K .......... .......... .......... .......... .......... 77% 3.27M 1s\n  6900K .......... .......... .......... .......... .......... 77% 5.43M 1s\n  6950K .......... .......... .......... .......... .......... 78% 4.78M 0s\n  7000K .......... .......... .......... .......... .......... 79% 4.98M 0s\n  7050K .......... .......... .......... .......... .......... 79% 5.43M 0s\n  7100K .......... .......... .......... .......... .......... 80% 3.27M 0s\n  7150K .......... .......... .......... .......... .......... 80% 5.08M 0s\n  7200K .......... .......... .......... .......... .......... 81% 3.83M 0s\n  7250K .......... .......... .......... .......... .......... 81% 5.44M 0s\n  7300K .......... .......... .......... .......... .......... 82% 3.25M 0s\n  7350K .......... .......... .......... .......... .......... 82% 5.06M 0s\n  7400K .......... .......... .......... .......... .......... 83% 5.56M 0s\n  7450K .......... .......... .......... .......... .......... 84% 4.62M 0s\n  7500K .......... .......... .......... .......... .......... 84% 5.41M 0s\n  7550K .......... .......... .......... .......... .......... 85% 3.42M 0s\n  7600K .......... .......... .......... .......... .......... 85% 3.92M 0s\n  7650K .......... .......... .......... .......... .......... 86% 4.63M 0s\n  7700K .......... .......... .......... .......... .......... 86% 5.51M 0s\n  7750K .......... .......... .......... .......... .......... 87% 5.38M 0s\n  7800K .......... .......... .......... .......... .......... 87% 3.19M 0s\n  7850K .......... .......... .......... .......... .......... 88% 5.33M 0s\n  7900K .......... .......... .......... .......... .......... 89% 5.06M 0s\n  7950K .......... .......... .......... .......... .......... 89% 4.68M 0s\n  8000K .......... .......... .......... .......... .......... 90% 2.88M 0s\n  8050K .......... .......... .......... .......... .......... 90% 5.27M 0s\n  8100K .......... .......... .......... .......... .......... 91% 4.46M 0s\n  8150K .......... .......... .......... .......... .......... 91% 5.02M 0s\n  8200K .......... .......... .......... .......... .......... 92% 5.75M 0s\n  8250K .......... .......... .......... .......... .......... 93% 3.60M 0s\n  8300K .......... .......... .......... .......... .......... 93% 5.19M 0s\n  8350K .......... .......... .......... .......... .......... 94% 4.61M 0s\n  8400K .......... .......... .......... .......... .......... 94% 3.79M 0s\n  8450K .......... .......... .......... .......... .......... 95% 5.08M 0s\n  8500K .......... .......... .......... .......... .......... 95% 3.75M 0s\n  8550K .......... .......... .......... .......... .......... 96% 5.28M 0s\n  8600K .......... .......... .......... .......... .......... 96% 4.12M 0s\n  8650K .......... .......... .......... .......... .......... 97% 5.32M 0s\n  8700K .......... .......... .......... .......... .......... 98% 5.53M 0s\n  8750K .......... .......... .......... .......... .......... 98% 3.60M 0s\n  8800K .......... .......... .......... .......... .......... 99% 4.04M 0s\n  8850K .......... .......... .......... .......... .......... 99% 4.25M 0s\n  8900K .......... .......... ..                              100% 11.0M=2.2s\n\n2018-05-09 07:54:41 (3.90 MB/s) - “custom.zip” saved [9136293/9136293]\n\nArchive:  custom.zip\n   creating: custom/\n  inflating: custom/national.csv     \n  inflating: custom/national_economy.csv  \n  inflating: custom/new_char_data.csv  \n  inflating: custom/per_year.csv     \n"}]},"apps":[],"jobName":"paragraph_1525852025870_-483957524","id":"20180509-074705_659413861","dateCreated":"May 9, 2018 7:47:05 AM","dateStarted":"May 9, 2018 7:54:33 AM","dateFinished":"May 9, 2018 7:54:53 AM","status":"FINISHED","progressUpdateIntervalMs":500},{"title":"Customs service data verification","text":"%sh\nhadoop fs -ls ./custom","user":"anonymous","dateUpdated":"May 9, 2018 8:56:43 AM","config":{"colWidth":12,"enabled":true,"results":{},"editorSetting":{"language":"scala"},"editorMode":"ace/mode/scala","title":true},"settings":{"params":{},"forms":{}},"results":{"code":"SUCCESS","msg":[{"type":"TEXT","data":"Found 4 items\n-rw-r--r--   2 zeppelin hdfs       7248 2018-05-09 07:54 custom/national.csv\n-rw-r--r--   2 zeppelin hdfs       1907 2018-05-09 07:54 custom/national_economy.csv\n-rw-r--r--   2 zeppelin hdfs     139648 2018-05-09 07:54 custom/new_char_data.csv\n-rw-r--r--   2 zeppelin hdfs   25989884 2018-05-09 07:54 custom/per_year.csv\n"}]},"apps":[],"jobName":"paragraph_1525852472994_-2082374142","id":"20180509-075432_1425312315","dateCreated":"May 9, 2018 7:54:32 AM","dateStarted":"May 9, 2018 8:56:43 AM","dateFinished":"May 9, 2018 8:56:46 AM","status":"FINISHED","progressUpdateIntervalMs":500},{"text":"%sh\n","user":"anonymous","dateUpdated":"May 9, 2018 7:56:08 AM","config":{},"settings":{"params":{},"forms":{}},"apps":[],"jobName":"paragraph_1525852568666_-1000521531","id":"20180509-075608_2022414437","dateCreated":"May 9, 2018 7:56:08 AM","status":"READY","progressUpdateIntervalMs":500}],"name":"BDC_oneday_trip0_data_loading","id":"2DCSW869Y","angularObjects":{"2DCCE8Y31:shared_process":[],"2DF4RNFP4:shared_process":[],"2DEAVT5SQ:shared_process":[],"2DD5RV72W:shared_process":[],"2DD3DBU5T:shared_process":[],"2C4U48MY3_spark2:shared_process":[],"2DF5SSVDD:shared_process":[],"2DE5AG8V1:shared_process":[]},"config":{},"info":{}}