{"paragraphs":[{"title":"value","text":"val hi: String = \"Hello\" \nprintln(hi)\nhi = hi + \"test\"","user":"anonymous","dateUpdated":"May 9, 2018 7:37:04 AM","config":{"editorSetting":{"language":"scala"},"colWidth":12,"editorMode":"ace/mode/scala","title":true,"results":[{"graph":{"mode":"table","height":300,"optionOpen":false,"keys":[],"values":[],"groups":[],"scatter":{}}}],"enabled":true},"settings":{"params":{},"forms":{}},"results":{"code":"ERROR","msg":[{"type":"TEXT","data":"\nhi: String = Hello\nHello\n\n\n\n<console>:35: error: reassignment to val\n       hi = hi + \"test\"\n          ^\n"}]},"apps":[],"jobName":"paragraph_1525849599671_630211826","id":"20170221-125738_2042536444","dateCreated":"May 9, 2018 7:06:39 AM","dateStarted":"May 9, 2018 7:37:04 AM","dateFinished":"May 9, 2018 7:37:04 AM","status":"ERROR","progressUpdateIntervalMs":500},{"title":"variables","text":"var hi2: String =\"Hello\"\nhi2 = hi2 + \" all!!!\"\nprintln(hi2)","user":"anonymous","dateUpdated":"May 9, 2018 7:37:06 AM","config":{"tableHide":false,"editorSetting":{"language":"scala"},"colWidth":12,"editorMode":"ace/mode/scala","title":true,"results":[{"graph":{"mode":"table","height":300,"optionOpen":false,"keys":[],"values":[],"groups":[],"scatter":{}}}],"enabled":true},"settings":{"params":{},"forms":{}},"results":{"code":"SUCCESS","msg":[{"type":"TEXT","data":"\nhi2: String = Hello\n\nhi2: String = Hello all!!!\nHello all!!!\n"}]},"apps":[],"jobName":"paragraph_1525849599671_630211826","id":"20170221-130625_828513173","dateCreated":"May 9, 2018 7:06:39 AM","dateStarted":"May 9, 2018 7:37:06 AM","dateFinished":"May 9, 2018 7:37:07 AM","status":"FINISHED","progressUpdateIntervalMs":500},{"title":"Regular Expression - example","text":"val regTestString : String = \"I am 35 years old\"\n\nval decimal=\"\"\".* ([\\d]+).*\"\"\".r\nval decimal(myanswer)=regTestString\nval answer = myanswer.toInt\nprintln(answer)\n","user":"anonymous","dateUpdated":"May 9, 2018 7:37:09 AM","config":{"editorSetting":{"language":"scala"},"colWidth":12,"editorMode":"ace/mode/scala","title":true,"results":[{"graph":{"mode":"table","height":300,"optionOpen":false,"keys":[],"values":[],"groups":[],"scatter":{}}}],"enabled":true},"settings":{"params":{},"forms":{}},"results":{"code":"SUCCESS","msg":[{"type":"TEXT","data":"\nregTestString: String = I am 35 years old\n\ndecimal: scala.util.matching.Regex = .* ([\\d]+).*\n\nmyanswer: String = 35\n\nanswer: Int = 35\n35\n"}]},"apps":[],"jobName":"paragraph_1525849599672_628288081","id":"20170221-144343_536483983","dateCreated":"May 9, 2018 7:06:39 AM","dateStarted":"May 9, 2018 7:37:09 AM","dateFinished":"May 9, 2018 7:37:11 AM","status":"FINISHED","progressUpdateIntervalMs":500},{"title":"Print by data type","text":"val testInt : Int = 1                        \nval testBoolean : Boolean = true     \nval testString : String = \"abcdef\" \nval testChar : Char = 'A'   \nval testDouble : Double = 3.14159265         \nval testLong : Long = 1234567890l \n\nprintln(\"Here is a test data type: \" + testInt + \"/\" + testBoolean + \"/\"+ testString + \"/\"+ testChar + \"/\"+ testDouble + \"/\"+ testLong)\n  \nprintln(f\"Pi : $testDouble%.3f\")\nprintln(f\"Zero padding Test: $testInt%05d\")\nprintln(s\"String Test: $testString\")\nprintln(s\"Char Test: $testChar\")\n","user":"anonymous","dateUpdated":"May 9, 2018 7:37:13 AM","config":{"editorSetting":{"language":"scala"},"colWidth":12,"editorMode":"ace/mode/scala","title":true,"results":[{"graph":{"mode":"table","height":300,"optionOpen":false,"keys":[],"values":[],"groups":[],"scatter":{}}}],"enabled":true},"settings":{"params":{},"forms":{}},"results":{"code":"SUCCESS","msg":[{"type":"TEXT","data":"\ntestInt: Int = 1\n\ntestBoolean: Boolean = true\n\ntestString: String = abcdef\n\ntestChar: Char = A\n\ntestDouble: Double = 3.14159265\n\ntestLong: Long = 1234567890\nHere is a test data type: 1/true/abcdef/A/3.14159265/1234567890\nPi : 3.142\nZero padding Test: 00001\nString Test: abcdef\nChar Test: A\n"}]},"apps":[],"jobName":"paragraph_1525849599672_628288081","id":"20170222-134840_1785737548","dateCreated":"May 9, 2018 7:06:39 AM","dateStarted":"May 9, 2018 7:37:13 AM","dateFinished":"May 9, 2018 7:37:15 AM","status":"FINISHED","progressUpdateIntervalMs":500},{"title":"String operation I","text":"val bdctrip = \"This is Big Data Cloud one day trip\"\nbdctrip.charAt(0)\nbdctrip.charAt(3)\nbdctrip.indexOf(\"H\")\nbdctrip slice (0,4)","user":"anonymous","dateUpdated":"May 9, 2018 7:37:19 AM","config":{"editorSetting":{"language":"scala"},"colWidth":12,"editorMode":"ace/mode/scala","title":true,"results":{},"enabled":true},"settings":{"params":{},"forms":{}},"results":{"code":"SUCCESS","msg":[{"type":"TEXT","data":"\nbdctrip: String = This is Big Data Cloud one day trip\n\nres45: Char = T\n\nres46: Char = s\n\nres47: Int = -1\n\nres48: String = This\n"}]},"apps":[],"jobName":"paragraph_1525849599673_627903332","id":"20171204-021852_380034128","dateCreated":"May 9, 2018 7:06:39 AM","dateStarted":"May 9, 2018 7:37:19 AM","dateFinished":"May 9, 2018 7:37:19 AM","status":"FINISHED","progressUpdateIntervalMs":500},{"title":"String operation II","text":"val bdctrip2 = \"one day trip\"\nbdctrip2 matches \"one day trip\"\nbdctrip2 matches \"one\"\nbdctrip2 contains \"one\"\n","user":"anonymous","dateUpdated":"May 9, 2018 7:37:22 AM","config":{"editorSetting":{"language":"scala"},"colWidth":12,"editorMode":"ace/mode/scala","title":true,"results":{},"enabled":true},"settings":{"params":{},"forms":{}},"results":{"code":"SUCCESS","msg":[{"type":"TEXT","data":"\nbdctrip2: String = one day trip\n\nres49: Boolean = true\n\nres50: Boolean = false\n\nres51: Boolean = true\n"}]},"apps":[],"jobName":"paragraph_1525849599673_627903332","id":"20171204-022253_1965220187","dateCreated":"May 9, 2018 7:06:39 AM","dateStarted":"May 9, 2018 7:37:22 AM","dateFinished":"May 9, 2018 7:37:23 AM","status":"FINISHED","progressUpdateIntervalMs":500},{"title":"List operation","text":"val trip_list = List(7,3,9,2,5,7,9)\ntrip_list.sorted\ntrip_list.size\ntrip_list.max\ntrip_list.min\ntrip_list.sum\ntrip_list.product\n\ntrip_list.drop(3)\ntrip_list.takeRight(1)\ntrip_list.takeRight(3)\n\ntrip_list.toSet","user":"anonymous","dateUpdated":"May 9, 2018 7:37:49 AM","config":{"editorSetting":{"language":"scala"},"colWidth":12,"editorMode":"ace/mode/scala","title":true,"results":{},"enabled":true},"settings":{"params":{},"forms":{}},"results":{"code":"SUCCESS","msg":[{"type":"TEXT","data":"\ntrip_list: List[Int] = List(7, 3, 9, 2, 5, 7, 9)\n\nres66: List[Int] = List(2, 3, 5, 7, 7, 9, 9)\n\nres67: Int = 7\n\nres68: Int = 9\n\nres69: Int = 2\n\nres70: Int = 42\n\nres71: Int = 119070\n\nres72: List[Int] = List(2, 5, 7, 9)\n\nres73: List[Int] = List(9)\n\nres74: List[Int] = List(5, 7, 9)\n\nres75: scala.collection.immutable.Set[Int] = Set(5, 9, 2, 7, 3)\n"}]},"apps":[],"jobName":"paragraph_1525849599673_627903332","id":"20171204-022255_1754546702","dateCreated":"May 9, 2018 7:06:39 AM","dateStarted":"May 9, 2018 7:37:49 AM","dateFinished":"May 9, 2018 7:37:50 AM","status":"FINISHED","progressUpdateIntervalMs":500},{"title":"Map operation","text":"val tripMap = Map((\"a\",1),(\"b\",2),(\"c\",3))\ntripMap(\"a\")\n\ntripMap get \"b\"\n\ntripMap.keys\ntripMap.values","user":"anonymous","dateUpdated":"May 9, 2018 7:37:53 AM","config":{"editorSetting":{"language":"scala"},"colWidth":12,"editorMode":"ace/mode/scala","title":true,"results":{},"enabled":true},"settings":{"params":{},"forms":{}},"results":{"code":"SUCCESS","msg":[{"type":"TEXT","data":"\ntripMap: scala.collection.immutable.Map[String,Int] = Map(a -> 1, b -> 2, c -> 3)\n\nres76: Int = 1\n\nres77: Option[Int] = Some(2)\n\nres78: Iterable[String] = Set(a, b, c)\n\nres79: Iterable[Int] = MapLike(1, 2, 3)\n"}]},"apps":[],"jobName":"paragraph_1525849599674_629057579","id":"20171204-022838_309145966","dateCreated":"May 9, 2018 7:06:39 AM","dateStarted":"May 9, 2018 7:37:53 AM","dateFinished":"May 9, 2018 7:37:54 AM","status":"FINISHED","progressUpdateIntervalMs":500},{"text":"%md\n<h1> Scala reference web site </h1>\n<h2> https://www.tutorialspoint.com/scala/scala_strings.htm</h2>\n","user":"anonymous","dateUpdated":"May 9, 2018 7:37:57 AM","config":{"colWidth":12,"editorMode":"ace/mode/markdown","results":[{"graph":{"mode":"table","height":300,"optionOpen":false,"keys":[],"values":[],"groups":[],"scatter":{}}}],"enabled":true,"editorSetting":{"language":"markdown","editOnDblClick":"true"},"editorHide":true,"tableHide":false},"settings":{"params":{},"forms":{}},"results":{"code":"SUCCESS","msg":[{"type":"HTML","data":"<div class=\"markdown-body\">\n<h1> Scala reference web site </h1>\n<h2> https://www.tutorialspoint.com/scala/scala_strings.htm</h2>\n</div>"}]},"apps":[],"jobName":"paragraph_1525849599674_629057579","id":"20170222-140323_1086026597","dateCreated":"May 9, 2018 7:06:39 AM","dateStarted":"May 9, 2018 7:37:57 AM","dateFinished":"May 9, 2018 7:37:57 AM","status":"FINISHED","progressUpdateIntervalMs":500},{"title":"Flow control","text":"if (1 > 3) println(\"Impossible!\") else println(\"The world makes sense.\")","user":"anonymous","dateUpdated":"May 9, 2018 7:38:01 AM","config":{"editorSetting":{"language":"scala"},"colWidth":12,"editorMode":"ace/mode/scala","title":true,"results":{},"graph":{"mode":"table","height":300,"optionOpen":false,"keys":[],"values":[],"groups":[],"scatter":{}},"enabled":true},"settings":{"params":{},"forms":{}},"results":{"code":"SUCCESS","msg":[{"type":"TEXT","data":"The world makes sense.\n"}]},"apps":[],"jobName":"paragraph_1525849599675_628672830","id":"20170222-140341_1606637155","dateCreated":"May 9, 2018 7:06:39 AM","dateStarted":"May 9, 2018 7:38:01 AM","dateFinished":"May 9, 2018 7:38:01 AM","status":"FINISHED","progressUpdateIntervalMs":500},{"text":"sc\nsc.version\nsc.master","user":"anonymous","dateUpdated":"May 9, 2018 7:38:04 AM","config":{"colWidth":12,"editorMode":"ace/mode/scala","results":{},"enabled":true,"editorSetting":{"language":"scala"}},"settings":{"params":{},"forms":{}},"results":{"code":"SUCCESS","msg":[{"type":"TEXT","data":"\nres81: org.apache.spark.SparkContext = org.apache.spark.SparkContext@2491fbdd\n\nres82: String = 2.1.0.2.6.0.3-8\n\nres83: String = yarn-client\n"}]},"apps":[],"jobName":"paragraph_1525849599675_628672830","id":"20171204-024052_1976174354","dateCreated":"May 9, 2018 7:06:39 AM","dateStarted":"May 9, 2018 7:38:04 AM","dateFinished":"May 9, 2018 7:38:04 AM","status":"FINISHED","progressUpdateIntervalMs":500},{"title":"RDD Creation","text":"val data = 1 to 1000\nval distData = sc.parallelize(data)\ndistData.filter(_ <10).count()\ndistData.filter(_ <10).collect.foreach(println)","user":"anonymous","dateUpdated":"May 9, 2018 7:38:09 AM","config":{"editorSetting":{"language":"scala"},"colWidth":12,"editorMode":"ace/mode/scala","title":true,"results":{},"enabled":true},"settings":{"params":{},"forms":{}},"results":{"code":"SUCCESS","msg":[{"type":"TEXT","data":"data: scala.collection.immutable.Range.Inclusive = Range(1, 2, 3, 4, 5, 6, 7, 8, 9, 10, 11, 12, 13, 14, 15, 16, 17, 18, 19, 20, 21, 22, 23, 24, 25, 26, 27, 28, 29, 30, 31, 32, 33, 34, 35, 36, 37, 38, 39, 40, 41, 42, 43, 44, 45, 46, 47, 48, 49, 50, 51, 52, 53, 54, 55, 56, 57, 58, 59, 60, 61, 62, 63, 64, 65, 66, 67, 68, 69, 70, 71, 72, 73, 74, 75, 76, 77, 78, 79, 80, 81, 82, 83, 84, 85, 86, 87, 88, 89, 90, 91, 92, 93, 94, 95, 96, 97, 98, 99, 100, 101, 102, 103, 104, 105, 106, 107, 108, 109, 110, 111, 112, 113, 114, 115, 116, 117, 118, 119, 120, 121, 122, 123, 124, 125, 126, 127, 128, 129, 130, 131, 132, 133, 134, 135, 136, 137, 138, 139, 140, 141, 142, 143, 144, 145, 146, 147, 148, 149, 150, 151, 152, 153, 154, 155, 156, 157, 158, 159, 160, 161, 162, 163, 164, 165, 166, 167, 168, 169, 170...\ndistData: org.apache.spark.rdd.RDD[Int] = ParallelCollectionRDD[181] at parallelize at <console>:37\n\nres84: Long = 9\n1\n2\n3\n4\n5\n6\n7\n8\n9\n"}]},"apps":[],"jobName":"paragraph_1525849599675_628672830","id":"20180307-034114_596753370","dateCreated":"May 9, 2018 7:06:39 AM","dateStarted":"May 9, 2018 7:38:09 AM","dateFinished":"May 9, 2018 7:38:15 AM","status":"FINISHED","progressUpdateIntervalMs":500},{"title":"RDD - map","text":"val x = sc.parallelize(Array(\"b\",\"c\",\"a\"))\nval y = x.map(z=> (z,1))\nprintln(x.collect().mkString(\", \"))\nprintln(y.collect().mkString(\", \"))","user":"anonymous","dateUpdated":"May 9, 2018 7:38:22 AM","config":{"editorSetting":{"language":"scala"},"colWidth":12,"editorMode":"ace/mode/scala","title":true,"results":{},"enabled":true},"settings":{"params":{},"forms":{}},"results":{"code":"SUCCESS","msg":[{"type":"TEXT","data":"\nx: org.apache.spark.rdd.RDD[String] = ParallelCollectionRDD[184] at parallelize at <console>:35\n\ny: org.apache.spark.rdd.RDD[(String, Int)] = MapPartitionsRDD[185] at map at <console>:39\nb, c, a\n(b,1), (c,1), (a,1)\n"}]},"apps":[],"jobName":"paragraph_1525849599676_626749086","id":"20180307-034649_431399379","dateCreated":"May 9, 2018 7:06:39 AM","dateStarted":"May 9, 2018 7:38:22 AM","dateFinished":"May 9, 2018 7:38:23 AM","status":"FINISHED","progressUpdateIntervalMs":500},{"title":"RDD - filter","text":"val x = sc.parallelize(Array(1,2,3))\nval y= x.filter(n=> n%2 ==1)\nprintln(x.collect().mkString(\", \"))\nprintln(y.collect().mkString(\", \"))","user":"anonymous","dateUpdated":"May 9, 2018 7:38:27 AM","config":{"editorSetting":{"language":"scala"},"colWidth":12,"editorMode":"ace/mode/scala","title":true,"results":{},"enabled":true},"settings":{"params":{},"forms":{}},"results":{"code":"SUCCESS","msg":[{"type":"TEXT","data":"\nx: org.apache.spark.rdd.RDD[Int] = ParallelCollectionRDD[186] at parallelize at <console>:35\n\ny: org.apache.spark.rdd.RDD[Int] = MapPartitionsRDD[187] at filter at <console>:37\n1, 2, 3\n1, 3\n"}]},"apps":[],"jobName":"paragraph_1525849599676_626749086","id":"20180307-034716_364895763","dateCreated":"May 9, 2018 7:06:39 AM","dateStarted":"May 9, 2018 7:38:27 AM","dateFinished":"May 9, 2018 7:38:27 AM","status":"FINISHED","progressUpdateIntervalMs":500},{"title":"RDD - flatmap","text":"val x = sc.parallelize(Array(1,2,3))\nval y = x.flatMap(n => Array(n, n*100, 42))\nprintln(x.collect().mkString(\", \"))\nprintln(y.collect().mkString(\", \"))\nprintln(x.count())\nprintln(y.count())\n\nval x = sc.parallelize(Array(1,2,3))\nval y = x.map(n => Array(n, n*100, 42))\nprintln(x.collect().mkString(\", \"))\nprintln(y.collect().deep.mkString(\", \"))","user":"anonymous","dateUpdated":"May 9, 2018 7:38:31 AM","config":{"editorSetting":{"language":"scala"},"colWidth":12,"editorMode":"ace/mode/scala","title":true,"results":{},"enabled":true},"settings":{"params":{},"forms":{}},"results":{"code":"SUCCESS","msg":[{"type":"TEXT","data":"\nx: org.apache.spark.rdd.RDD[Int] = ParallelCollectionRDD[188] at parallelize at <console>:35\n\ny: org.apache.spark.rdd.RDD[Int] = MapPartitionsRDD[189] at flatMap at <console>:37\n1, 2, 3\n1, 100, 42, 2, 200, 42, 3, 300, 42\n3\n9\n\nx: org.apache.spark.rdd.RDD[Int] = ParallelCollectionRDD[190] at parallelize at <console>:35\n\ny: org.apache.spark.rdd.RDD[Array[Int]] = MapPartitionsRDD[191] at map at <console>:37\n1, 2, 3\nArray(1, 100, 42), Array(2, 200, 42), Array(3, 300, 42)\n"}]},"apps":[],"jobName":"paragraph_1525849599677_626364337","id":"20180307-034739_1880051411","dateCreated":"May 9, 2018 7:06:39 AM","dateStarted":"May 9, 2018 7:38:31 AM","dateFinished":"May 9, 2018 7:38:32 AM","status":"FINISHED","progressUpdateIntervalMs":500},{"title":"RDD - collect","text":"val x = sc.parallelize(Array(1,2,3),3)\nval y = x.collect()\n\nval xOut = x.glom().collect()\nprintln(xOut.deep.mkString(\", \"))\nprintln(y.mkString(\", \"))","user":"anonymous","dateUpdated":"May 9, 2018 7:38:36 AM","config":{"editorSetting":{"language":"scala"},"colWidth":12,"editorMode":"ace/mode/scala","title":true,"results":{},"enabled":true},"settings":{"params":{},"forms":{}},"results":{"code":"SUCCESS","msg":[{"type":"TEXT","data":"\nx: org.apache.spark.rdd.RDD[Int] = ParallelCollectionRDD[192] at parallelize at <console>:35\n\ny: Array[Int] = Array(1, 2, 3)\n\nxOut: Array[Array[Int]] = Array(Array(1), Array(2), Array(3))\nArray(1), Array(2), Array(3)\n1, 2, 3\n"}]},"apps":[],"jobName":"paragraph_1525849599677_626364337","id":"20180307-034807_2097673956","dateCreated":"May 9, 2018 7:06:39 AM","dateStarted":"May 9, 2018 7:38:36 AM","dateFinished":"May 9, 2018 7:38:37 AM","status":"FINISHED","progressUpdateIntervalMs":500},{"title":"RDD - reduce","text":"val x = sc.parallelize(Array(1,2,3,4))\nval y = x.reduce((a,b) => a+b)\n\nprintln(x.collect.mkString(\", \"))\nprintln(y)","user":"anonymous","dateUpdated":"May 9, 2018 7:38:46 AM","config":{"editorSetting":{"language":"scala"},"colWidth":12,"editorMode":"ace/mode/scala","title":true,"results":{},"enabled":true},"settings":{"params":{},"forms":{}},"results":{"code":"SUCCESS","msg":[{"type":"TEXT","data":"\nx: org.apache.spark.rdd.RDD[Int] = ParallelCollectionRDD[195] at parallelize at <console>:35\n\ny: Int = 10\n1, 2, 3, 4\n10\n"}]},"apps":[],"jobName":"paragraph_1525849599677_626364337","id":"20180307-034839_531230691","dateCreated":"May 9, 2018 7:06:39 AM","dateStarted":"May 9, 2018 7:38:46 AM","dateFinished":"May 9, 2018 7:38:47 AM","status":"FINISHED","progressUpdateIntervalMs":500},{"dateUpdated":"May 9, 2018 7:06:39 AM","config":{"colWidth":12,"editorMode":"ace/mode/scala","results":{},"enabled":true,"editorSetting":{"language":"scala"}},"settings":{"params":{},"forms":{}},"apps":[],"jobName":"paragraph_1525849599678_627518584","id":"20180307-034857_1097521024","dateCreated":"May 9, 2018 7:06:39 AM","status":"READY","errorMessage":"","progressUpdateIntervalMs":500}],"name":"BDC_oneday_trip1_warmup","id":"2DE5BEVUG","angularObjects":{"2DCCE8Y31:shared_process":[],"2DF4RNFP4:shared_process":[],"2DEAVT5SQ:shared_process":[],"2DD5RV72W:shared_process":[],"2DD3DBU5T:shared_process":[],"2C4U48MY3_spark2:shared_process":[],"2DF5SSVDD:shared_process":[],"2DE5AG8V1:shared_process":[]},"config":{},"info":{}}