{"paragraphs":[{"text":"val rawRDD= sc.textFile(\"./weblog/logfiledata.txt\")","user":"anonymous","dateUpdated":"May 9, 2018 7:42:05 AM","config":{"colWidth":12,"editorMode":"ace/mode/scala","results":{},"enabled":true,"editorSetting":{"language":"scala","editOnDblClick":false}},"settings":{"params":{},"forms":{}},"results":{"code":"SUCCESS","msg":[{"type":"TEXT","data":"\nrawRDD: org.apache.spark.rdd.RDD[String] = ./weblog/logfiledata.txt MapPartitionsRDD[203] at textFile at <console>:35\n"}]},"apps":[],"jobName":"paragraph_1525851281423_-245670428","id":"20171123-054138_1555814941","dateCreated":"May 9, 2018 7:34:41 AM","dateStarted":"May 9, 2018 7:42:05 AM","dateFinished":"May 9, 2018 7:42:06 AM","status":"FINISHED","progressUpdateIntervalMs":500},{"text":"rawRDD.take(100).foreach(println)","user":"anonymous","dateUpdated":"May 9, 2018 7:42:08 AM","config":{"colWidth":12,"editorMode":"ace/mode/scala","results":{},"enabled":true,"editorSetting":{"language":"scala","editOnDblClick":false}},"settings":{"params":{},"forms":{}},"results":{"code":"SUCCESS","msg":[{"type":"TEXT","data":"2017-09-28 12:17:14.105 DEBUG [Network I/O Started]  org.jboss.netty.handler.codec.http.HttpMessageDecoder - checkpoint called (hash:657908496) => state : NORMAL\n 2017-09-28 12:17:14.105 INFO  [Network I/O Started]  tms.sbs.http.HttpStaticHeaderHandler.Server.INNER - Set static header - CuserID: --------\n 2017-09-28 12:17:14.105 INFO  [Network I/O Started]  tms.sbs.http.HttpStaticHeaderHandler.Server.INNER - Set static header - CuserPhone: --------\n 2017-09-28 12:17:14.105 INFO  [Network I/O Started]  tms.sbs.http.HttpStaticHeaderHandler.Server.INNER - Set static header - CuserPW: --------\n 2017-09-28 12:17:14.106 INFO  [Network I/O Started]  tms.sbs.http.HttpLoggingHandler.Server.INNER - [id: 0xa610d7f4, /10.2.27.38:38976 => /10.2.27.249:2754] RECEIVED\n =============================================\n  [NBU ===> DTU]  HTTP Request information\n SID: T2xo7Qm000000000\n POST /cmm/vsn HTTP/1.1\n Accept: application/json\n To: NBU\n From: DTU\n VIN: F30YNJ3000000\n NADID: 6572650922\n Language: 0\n Version: 2.5.1\n Offset: -4\n Date: 2015-01-01 00:00:00\n Lat: 37.48765\n Long: 128.2195\n Alt: 237.0\n Type: 0\n Telecom: SK Telecom\n RunDistance: 20810\n Unit: 3\n Adv-Dec: 1\n Content-Type: application/json\n Content-Length: 615\n User-Agent: Commons-HttpClient/2.4\n Host: 10.2.27.38:2671\n   +-------------------------------------------------+\n   |  0  1  2  3  4  5  6  7  8  9  a  b  c  d  e  f |\n +--------+-------------------------------------------------+----------------+\n |00000000| 7b 22 73 76 63 52 65 73 4e 6f 74 69 22 3a 7b 22 ||\n |00000010| 73 74 61 74 75 73 22 3a 31 2c 22 73 63 65 6e 61 ||\n |00000020| 72 69 6f 4e 61 6d 65 22 3a 22 52 65 6d 6f 74 65 ||\n |00000030| 20 53 74 61 72 74 22 2c 22 73 74 61 74 75 73 43 ||\n |00000040| 6f 64 65 22 3a 22 35 31 30 22 2c 22 72 65 61 73 ||\n |00000050| 6f 6e 50 68 72 61 73 65 22 3a 22 4e 6f 20 52 65 ||\n |00000060| 73 70 6f 6e 73 65 20 42 2d 43 41 4e 22 2c 22 64 ||\n |00000070| 65 73 63 72 69 70 74 69 6f 6e 22 3a 22 4e 6f 20 ||\n |00000080| 52 65 73 70 6f 6e 73 65 20 66 72 6f 6d 20 42 2d ||\n |00000090| 43 41 4e 2e 22 2c 22 73 65 72 76 69 63 65 54 49 ||\n |000000a0| 44 22 3a 22 76 45 4b 53 72 37 58 6b 54 4c 61 4b ||\n |000000b0| 38 43 35 52 78 79 72 4c 66 67 22 7d 2c 22 76 65 ||\n |000000c0| 68 69 63 6c 65 53 74 61 74 75 73 22 3a 7b 22 61 ||\n |000000d0| 69 72 43 74 72 6c 4f 6e 22 3a 66 61 6c 73 65 2c ||\n |000000e0| 22 65 6e 67 69 6e 65 22 3a 66 61 6c 73 65 2c 22 ||\n |000000f0| 64 6f 6f 72 4c 6f 63 6b 22 3a 74 72 75 65 2c 22 ||\n |00000100| 64 6f 6f 72 4f 70 65 6e 22 3a 7b 22 66 72 6f 6e ||\n |00000110| 74 4c 65 66 74 22 3a 30 2c 22 66 72 6f 6e 74 52 ||\n |00000120| 69 67 68 74 22 3a 30 2c 22 62 61 63 6b 4c 65 66 ||\n |00000130| 74 22 3a 30 2c 22 62 61 63 6b 52 69 67 68 74 22 ||\n |00000140| 3a 30 7d 2c 22 74 72 75 6e 6b 4f 70 65 6e 22 3a ||\n |00000150| 66 61 6c 73 65 2c 22 61 69 72 54 65 6d 70 22 3a ||\n |00000160| 7b 22 76 61 6c 75 65 22 3a 22 30 31 48 22 2c 22 ||\n |00000170| 75 6e 69 74 22 3a 30 7d 2c 22 64 65 66 72 6f 73 ||\n |00000180| 74 22 3a 66 61 6c 73 65 2c 22 6c 6f 77 46 75 65 ||\n |00000190| 6c 4c 69 67 68 74 22 3a 66 61 6c 73 65 2c 22 61 ||\n |000001a0| 63 63 22 3a 66 61 6c 73 65 2c 22 68 6f 6f 64 4f ||\n |000001b0| 70 65 6e 22 3a 66 61 6c 73 65 2c 22 74 72 61 6e ||\n |000001c0| 73 43 6f 6e 64 22 3a 74 72 75 65 2c 22 73 74 65 ||\n |000001d0| 65 72 57 68 65 65 6c 48 65 61 74 22 3a 30 2c 22 ||\n |000001e0| 73 69 64 65 42 61 63 6b 57 69 6e 64 6f 77 48 65 ||\n |000001f0| 61 74 22 3a 30 2c 22 64 74 65 22 3a 7b 22 76 61 ||\n |00000200| 6c 75 65 22 3a 30 2e 30 2c 22 75 6e 69 74 22 3a ||\n |00000210| 33 7d 2c 22 74 69 72 65 50 72 65 73 73 75 72 65 ||\n |00000220| 4c 61 6d 70 22 3a 7b 22 74 69 72 65 50 72 65 73 ||\n |00000230| 73 75 72 65 4c 61 6d 70 41 6c 6c 22 3a 30 7d 7d ||\n |00000240| 2c 22 73 65 72 76 69 63 65 54 49 44 22 3a 22 76 ||\n |00000250| 45 4b 53 72 37 58 6b 54 4c 61 4b 38 43 35 52 78 ||\n |00000260| 79 72 4c 66 67 22 7d                            ||\n +--------+-------------------------------------------------+----------------+\n 2017-09-28 12:17:14.106 INFO  [Network I/O Started]  tms.sbs.tran.TransactionManager - [Transaction: xudIjdlkjfULK] begin transaction\n 2017-09-28 12:17:14.106 DEBUG [Network I/O Started]  tms.sbs.tran.TransactionHandler - [Transaction: xudIjdlkjfULK] OMS insert request message\n 2017-09-28 12:17:14.106 INFO  [Network I/O Started]  tms.sbs.validity.ServiceValidationHandler - [Transaction: xudIjdlkjfULK] From=ISS, Message=CMM-29, Scheme=HTTP, isResponse=false\n 2017-09-28 12:17:14.106 INFO  [Network I/O Started]  tms.sbs.validity.ScenarioValidator - [Transaction: xudIjdlkjfULK] Status=100, Scenario=CMM-O, Matching list=[CMM-O]2017-09-28 12:17:14.105 DEBUG [Network I/O Started]  org.jboss.netty.handler.codec.http.HttpMessageDecoder - checkpoint called (hash:657908496) => state : NORMAL\n 2017-09-28 12:17:14.105 INFO  [Network I/O Started]  tms.sbs.http.HttpStaticHeaderHandler.Server.INNER - Set static header - CuserID: --------\n 2017-09-28 12:17:14.105 INFO  [Network I/O Started]  tms.sbs.http.HttpStaticHeaderHandler.Server.INNER - Set static header - CuserPhone: --------\n 2017-09-28 12:17:14.105 INFO  [Network I/O Started]  tms.sbs.http.HttpStaticHeaderHandler.Server.INNER - Set static header - CuserPW: --------\n 2017-09-28 12:17:14.106 INFO  [Network I/O Started]  tms.sbs.http.HttpLoggingHandler.Server.INNER - [id: 0xa610d7f4, /10.2.27.38:38976 => /10.2.27.249:2754] RECEIVED\n =============================================\n  [NBU ===> DTU]  HTTP Request information\n SID: T2xo7Qm000000001\n POST /cmm/vsn HTTP/1.1\n Accept: application/json\n To: NBU\n From: DTU\n VIN: F30YNJ3000001\n NADID: 6572650922\n Language: 0\n Version: 2.5.1\n Offset: -4\n Date: 2015-01-01 00:00:01\n Lat: 36.3714\n Long: 128.4875\n Alt: 237.0\n Type: 0\n Telecom: SK Telecom\n RunDistance: 120479\n"}]},"apps":[],"jobName":"paragraph_1525851281424_-235282208","id":"20171123-054232_1094377388","dateCreated":"May 9, 2018 7:34:41 AM","dateStarted":"May 9, 2018 7:42:08 AM","dateFinished":"May 9, 2018 7:42:15 AM","status":"FINISHED","progressUpdateIntervalMs":500},{"text":"val filterRDD = rawRDD.filter(line => !line.contains(\"tms.sbs\")).filter(line => line.contains(\"VIN: \") || line.contains(\"Date: \")|| line.contains(\"Lat: \") || line.contains(\"Long: \") || line.contains(\"RunDistance: \"))","user":"anonymous","dateUpdated":"May 9, 2018 7:42:19 AM","config":{"colWidth":12,"editorMode":"ace/mode/scala","results":{},"enabled":true,"editorSetting":{"language":"scala","editOnDblClick":false}},"settings":{"params":{},"forms":{}},"results":{"code":"SUCCESS","msg":[{"type":"TEXT","data":"\nfilterRDD: org.apache.spark.rdd.RDD[String] = MapPartitionsRDD[205] at filter at <console>:37\n"}]},"apps":[],"jobName":"paragraph_1525851281424_-235282208","id":"20171123-054248_488795917","dateCreated":"May 9, 2018 7:34:41 AM","dateStarted":"May 9, 2018 7:42:19 AM","dateFinished":"May 9, 2018 7:42:19 AM","status":"FINISHED","progressUpdateIntervalMs":500},{"text":"filterRDD.take(100).foreach(println)","user":"anonymous","dateUpdated":"May 9, 2018 7:42:22 AM","config":{"colWidth":12,"editorMode":"ace/mode/scala","results":{},"enabled":true,"editorSetting":{"language":"scala","editOnDblClick":false}},"settings":{"params":{},"forms":{}},"results":{"code":"SUCCESS","msg":[{"type":"TEXT","data":" VIN: F30YNJ3000000\n Date: 2015-01-01 00:00:00\n Lat: 37.48765\n Long: 128.2195\n RunDistance: 20810\n VIN: F30YNJ3000001\n Date: 2015-01-01 00:00:01\n Lat: 36.3714\n Long: 128.4875\n RunDistance: 120479\n VIN: F30YNJ3000002\n Date: 2015-01-01 00:00:02\n Lat: 36.9654\n Long: 127.7026\n RunDistance: 3670\n VIN: F30YNJ3000003\n Date: 2015-01-01 00:00:03\n Lat: 36.9654\n Long: 127.7026\n RunDistance: 38981\n VIN: F30YNJ3000004\n Date: 2015-01-01 00:00:04\n Lat: 35.8324\n Long: 127.3807\n RunDistance: 92370\n VIN: F30YNJ3000005\n Date: 2015-01-01 00:00:05\n Lat: 36.5231\n Long: 128.1298\n RunDistance: 120479\n VIN: F30YNJ3000006\n Date: 2015-01-01 00:00:06\n Lat: 37.8657\n Long: 127.1078\n RunDistance: 49271\n VIN: F30YNJ3000007\n Date: 2015-01-01 00:00:07\n Lat: 36.3714\n Long: 128.4875\n RunDistance: 179303\n VIN: F30YNJ3000008\n Date: 2015-01-01 00:00:08\n Lat: 37.48765\n Long: 128.2195\n RunDistance: 73808\n VIN: F30YNJ3000009\n Date: 2015-01-01 00:00:09\n Lat: 37.8192\n Long: 127.3701\n RunDistance: 73808\n VIN: F30YNJ3000010\n Date: 2015-01-01 00:00:10\n Lat: 35.5134\n Long: 126.9867\n RunDistance: 87607\n VIN: F30YNJ3000011\n Date: 2015-01-01 00:00:11\n Lat: 37.8657\n Long: 127.1078\n RunDistance: 73808\n VIN: F30YNJ3000012\n Date: 2015-01-01 00:00:12\n Lat: 35.8324\n Long: 127.3807\n RunDistance: 120479\n VIN: F30YNJ3000013\n Date: 2015-01-01 00:00:13\n Lat: 37.1235\n Long: 127.8076\n RunDistance: 119080\n VIN: F30YNJ3000014\n Date: 2015-01-01 00:00:14\n Lat: 37.8657\n Long: 127.1078\n RunDistance: 3670\n VIN: F30YNJ3000015\n Date: 2015-01-01 00:00:15\n Lat: 36.9654\n Long: 127.7026\n RunDistance: 87607\n VIN: F30YNJ3000016\n Date: 2015-01-01 00:00:16\n Lat: 36.9654\n Long: 127.7026\n RunDistance: 3670\n VIN: F30YNJ3000017\n Date: 2015-01-01 00:00:17\n Lat: 36.10976\n Long: 128.4763\n RunDistance: 179303\n VIN: F30YNJ3000018\n Date: 2015-01-01 00:00:18\n Lat: 37.1235\n Long: 127.8076\n RunDistance: 119080\n VIN: F30YNJ3000019\n Date: 2015-01-01 00:00:19\n Lat: 35.5134\n Long: 126.9867\n RunDistance: 120479\n"}]},"apps":[],"jobName":"paragraph_1525851281424_-235282208","id":"20171123-054328_892322679","dateCreated":"May 9, 2018 7:34:41 AM","dateStarted":"May 9, 2018 7:42:22 AM","dateFinished":"May 9, 2018 7:42:22 AM","status":"FINISHED","progressUpdateIntervalMs":500},{"text":"var key = 1L\nval hashRDD = filterRDD.map{ x => {\n    if (x.trim.startsWith( \"VIN\")){\n        key = x.hashCode\n    }\n    (key, x.trim)\n  }\n}","user":"anonymous","dateUpdated":"May 9, 2018 7:42:27 AM","config":{"colWidth":12,"editorMode":"ace/mode/scala","results":{},"enabled":true,"editorSetting":{"language":"scala","editOnDblClick":false}},"settings":{"params":{},"forms":{}},"results":{"code":"SUCCESS","msg":[{"type":"TEXT","data":"\nkey: Long = 1\n\nhashRDD: org.apache.spark.rdd.RDD[(Long, String)] = MapPartitionsRDD[206] at map at <console>:43\n"}]},"apps":[],"jobName":"paragraph_1525851281424_-235282208","id":"20171123-054338_1097263592","dateCreated":"May 9, 2018 7:34:41 AM","dateStarted":"May 9, 2018 7:42:27 AM","dateFinished":"May 9, 2018 7:42:28 AM","status":"FINISHED","progressUpdateIntervalMs":500},{"text":"hashRDD.take(100).foreach(println)","user":"anonymous","dateUpdated":"May 9, 2018 7:42:31 AM","config":{"colWidth":12,"editorMode":"ace/mode/scala","results":{},"enabled":true,"editorSetting":{"language":"scala","editOnDblClick":false}},"settings":{"params":{},"forms":{}},"results":{"code":"SUCCESS","msg":[{"type":"TEXT","data":"(-1145890496,VIN: F30YNJ3000000)\n(-1145890496,Date: 2015-01-01 00:00:00)\n(-1145890496,Lat: 37.48765)\n(-1145890496,Long: 128.2195)\n(-1145890496,RunDistance: 20810)\n(-1145890495,VIN: F30YNJ3000001)\n(-1145890495,Date: 2015-01-01 00:00:01)\n(-1145890495,Lat: 36.3714)\n(-1145890495,Long: 128.4875)\n(-1145890495,RunDistance: 120479)\n(-1145890494,VIN: F30YNJ3000002)\n(-1145890494,Date: 2015-01-01 00:00:02)\n(-1145890494,Lat: 36.9654)\n(-1145890494,Long: 127.7026)\n(-1145890494,RunDistance: 3670)\n(-1145890493,VIN: F30YNJ3000003)\n(-1145890493,Date: 2015-01-01 00:00:03)\n(-1145890493,Lat: 36.9654)\n(-1145890493,Long: 127.7026)\n(-1145890493,RunDistance: 38981)\n(-1145890492,VIN: F30YNJ3000004)\n(-1145890492,Date: 2015-01-01 00:00:04)\n(-1145890492,Lat: 35.8324)\n(-1145890492,Long: 127.3807)\n(-1145890492,RunDistance: 92370)\n(-1145890491,VIN: F30YNJ3000005)\n(-1145890491,Date: 2015-01-01 00:00:05)\n(-1145890491,Lat: 36.5231)\n(-1145890491,Long: 128.1298)\n(-1145890491,RunDistance: 120479)\n(-1145890490,VIN: F30YNJ3000006)\n(-1145890490,Date: 2015-01-01 00:00:06)\n(-1145890490,Lat: 37.8657)\n(-1145890490,Long: 127.1078)\n(-1145890490,RunDistance: 49271)\n(-1145890489,VIN: F30YNJ3000007)\n(-1145890489,Date: 2015-01-01 00:00:07)\n(-1145890489,Lat: 36.3714)\n(-1145890489,Long: 128.4875)\n(-1145890489,RunDistance: 179303)\n(-1145890488,VIN: F30YNJ3000008)\n(-1145890488,Date: 2015-01-01 00:00:08)\n(-1145890488,Lat: 37.48765)\n(-1145890488,Long: 128.2195)\n(-1145890488,RunDistance: 73808)\n(-1145890487,VIN: F30YNJ3000009)\n(-1145890487,Date: 2015-01-01 00:00:09)\n(-1145890487,Lat: 37.8192)\n(-1145890487,Long: 127.3701)\n(-1145890487,RunDistance: 73808)\n(-1145890465,VIN: F30YNJ3000010)\n(-1145890465,Date: 2015-01-01 00:00:10)\n(-1145890465,Lat: 35.5134)\n(-1145890465,Long: 126.9867)\n(-1145890465,RunDistance: 87607)\n(-1145890464,VIN: F30YNJ3000011)\n(-1145890464,Date: 2015-01-01 00:00:11)\n(-1145890464,Lat: 37.8657)\n(-1145890464,Long: 127.1078)\n(-1145890464,RunDistance: 73808)\n(-1145890463,VIN: F30YNJ3000012)\n(-1145890463,Date: 2015-01-01 00:00:12)\n(-1145890463,Lat: 35.8324)\n(-1145890463,Long: 127.3807)\n(-1145890463,RunDistance: 120479)\n(-1145890462,VIN: F30YNJ3000013)\n(-1145890462,Date: 2015-01-01 00:00:13)\n(-1145890462,Lat: 37.1235)\n(-1145890462,Long: 127.8076)\n(-1145890462,RunDistance: 119080)\n(-1145890461,VIN: F30YNJ3000014)\n(-1145890461,Date: 2015-01-01 00:00:14)\n(-1145890461,Lat: 37.8657)\n(-1145890461,Long: 127.1078)\n(-1145890461,RunDistance: 3670)\n(-1145890460,VIN: F30YNJ3000015)\n(-1145890460,Date: 2015-01-01 00:00:15)\n(-1145890460,Lat: 36.9654)\n(-1145890460,Long: 127.7026)\n(-1145890460,RunDistance: 87607)\n(-1145890459,VIN: F30YNJ3000016)\n(-1145890459,Date: 2015-01-01 00:00:16)\n(-1145890459,Lat: 36.9654)\n(-1145890459,Long: 127.7026)\n(-1145890459,RunDistance: 3670)\n(-1145890458,VIN: F30YNJ3000017)\n(-1145890458,Date: 2015-01-01 00:00:17)\n(-1145890458,Lat: 36.10976)\n(-1145890458,Long: 128.4763)\n(-1145890458,RunDistance: 179303)\n(-1145890457,VIN: F30YNJ3000018)\n(-1145890457,Date: 2015-01-01 00:00:18)\n(-1145890457,Lat: 37.1235)\n(-1145890457,Long: 127.8076)\n(-1145890457,RunDistance: 119080)\n(-1145890456,VIN: F30YNJ3000019)\n(-1145890456,Date: 2015-01-01 00:00:19)\n(-1145890456,Lat: 35.5134)\n(-1145890456,Long: 126.9867)\n(-1145890456,RunDistance: 120479)\n"}]},"apps":[],"jobName":"paragraph_1525851281425_-235666956","id":"20171123-054356_2050524165","dateCreated":"May 9, 2018 7:34:41 AM","dateStarted":"May 9, 2018 7:42:31 AM","dateFinished":"May 9, 2018 7:42:31 AM","status":"FINISHED","progressUpdateIntervalMs":500},{"text":"val groupRDD = hashRDD.groupByKey.mapValues(_.toList)","user":"anonymous","dateUpdated":"May 9, 2018 7:42:37 AM","config":{"colWidth":12,"editorMode":"ace/mode/scala","results":{},"enabled":true,"editorSetting":{"language":"scala","editOnDblClick":false}},"settings":{"params":{},"forms":{}},"results":{"code":"SUCCESS","msg":[{"type":"TEXT","data":"\ngroupRDD: org.apache.spark.rdd.RDD[(Long, List[String])] = MapPartitionsRDD[208] at mapValues at <console>:45\n"}]},"apps":[],"jobName":"paragraph_1525851281425_-235666956","id":"20171123-054943_10803192","dateCreated":"May 9, 2018 7:34:41 AM","dateStarted":"May 9, 2018 7:42:37 AM","dateFinished":"May 9, 2018 7:42:37 AM","status":"FINISHED","progressUpdateIntervalMs":500},{"text":"groupRDD.take(10).foreach(println)","user":"anonymous","dateUpdated":"May 9, 2018 7:42:41 AM","config":{"colWidth":12,"editorMode":"ace/mode/scala","results":{},"enabled":true,"editorSetting":{"language":"scala","editOnDblClick":false}},"settings":{"params":{},"forms":{}},"results":{"code":"SUCCESS","msg":[{"type":"TEXT","data":"(-1145881811,List(VIN: F30YNJ3000915, Date: 2015-01-01 00:15:15, Lat: 37.48765, Long: 128.2195, RunDistance: 120479))\n(-1145851963,List(VIN: F30YNJ3001930, Date: 2015-01-01 00:32:10, Lat: 35.8324, Long: 127.3807, RunDistance: 179303))\n(-1145828739,List(VIN: F30YNJ3002285, Date: 2015-01-01 00:38:05, Lat: 36.3714, Long: 128.4875, RunDistance: 49271))\n(-1145851927,List(VIN: F30YNJ3001945, Date: 2015-01-01 00:32:25, Lat: 37.48765, Long: 128.2195, RunDistance: 92370))\n(-1145797989,List(VIN: F30YNJ3003383, Date: 2015-01-01 00:56:23, Lat: 37.48765, Long: 128.2195, RunDistance: 179303))\n(-1145882529,List(VIN: F30YNJ3000890, Date: 2015-01-01 00:14:50, Lat: 35.8324, Long: 127.3807, RunDistance: 120479))\n(-1145827005,List(VIN: F30YNJ3002423, Date: 2015-01-01 00:40:23, Lat: 37.1235, Long: 127.8076, RunDistance: 73808))\n(-1145887427,List(VIN: F30YNJ3000360, Date: 2015-01-01 00:06:00, Lat: 36.3714, Long: 128.4875, RunDistance: 119080))\n(-1145822103,List(VIN: F30YNJ3002957, Date: 2015-01-01 00:49:17, Lat: 37.8657, Long: 127.1078, RunDistance: 87607))\n(-1145885503,List(VIN: F30YNJ3000562, Date: 2015-01-01 00:09:22, Lat: 37.8192, Long: 127.3701, RunDistance: 120479))\n"}]},"apps":[],"jobName":"paragraph_1525851281425_-235666956","id":"20171123-055724_1060220951","dateCreated":"May 9, 2018 7:34:41 AM","dateStarted":"May 9, 2018 7:42:41 AM","dateFinished":"May 9, 2018 7:42:42 AM","status":"FINISHED","progressUpdateIntervalMs":500},{"text":"import org.apache.spark.sql.Row\nval rowRDD = groupRDD.map(x => x._2).map(x => Row(x(0).split(\" \")(1),x(1).split(\" \")(1),x(2).split(\" \")(1).toDouble,x(3).split(\" \")(1).toDouble,x(4).split(\" \")(1).toDouble))","user":"anonymous","dateUpdated":"May 9, 2018 7:42:45 AM","config":{"colWidth":12,"editorMode":"ace/mode/scala","results":{},"enabled":true,"editorSetting":{"language":"scala","editOnDblClick":false}},"settings":{"params":{},"forms":{}},"results":{"code":"SUCCESS","msg":[{"type":"TEXT","data":"\nimport org.apache.spark.sql.Row\n\nrowRDD: org.apache.spark.rdd.RDD[org.apache.spark.sql.Row] = MapPartitionsRDD[210] at map at <console>:48\n"}]},"apps":[],"jobName":"paragraph_1525851281425_-235666956","id":"20171123-070255_328386975","dateCreated":"May 9, 2018 7:34:41 AM","dateStarted":"May 9, 2018 7:42:45 AM","dateFinished":"May 9, 2018 7:42:45 AM","status":"FINISHED","progressUpdateIntervalMs":500},{"text":"rowRDD.take(10)","user":"anonymous","dateUpdated":"May 9, 2018 7:42:49 AM","config":{"colWidth":12,"editorMode":"ace/mode/scala","results":{},"enabled":true,"editorSetting":{"language":"scala"}},"settings":{"params":{},"forms":{}},"results":{"code":"SUCCESS","msg":[{"type":"TEXT","data":"\nres108: Array[org.apache.spark.sql.Row] = Array([F30YNJ3000915,2015-01-01,37.48765,128.2195,120479.0], [F30YNJ3001930,2015-01-01,35.8324,127.3807,179303.0], [F30YNJ3002285,2015-01-01,36.3714,128.4875,49271.0], [F30YNJ3001945,2015-01-01,37.48765,128.2195,92370.0], [F30YNJ3003383,2015-01-01,37.48765,128.2195,179303.0], [F30YNJ3000890,2015-01-01,35.8324,127.3807,120479.0], [F30YNJ3002423,2015-01-01,37.1235,127.8076,73808.0], [F30YNJ3000360,2015-01-01,36.3714,128.4875,119080.0], [F30YNJ3002957,2015-01-01,37.8657,127.1078,87607.0], [F30YNJ3000562,2015-01-01,37.8192,127.3701,120479.0])\n"}]},"apps":[],"jobName":"paragraph_1525851281425_-235666956","id":"20180320-022046_189705646","dateCreated":"May 9, 2018 7:34:41 AM","dateStarted":"May 9, 2018 7:42:49 AM","dateFinished":"May 9, 2018 7:42:50 AM","status":"FINISHED","progressUpdateIntervalMs":500},{"text":"import org.apache.spark.sql.SQLContext\nimport org.apache.spark.sql.types.{StructType, StructField, StringType, DoubleType, IntegerType,BooleanType}\n\nval logSchema = StructType(Array(\n    StructField(\"VIN\", StringType, true),       \n    StructField(\"DATE\", StringType, true),       \n    StructField(\"LATITUDE\", DoubleType, true),       \n    StructField(\"LONGITUDE\", DoubleType, true),       \n    StructField(\"RUN_DISTANCE\", DoubleType, true)))","user":"anonymous","dateUpdated":"May 9, 2018 7:42:54 AM","config":{"colWidth":12,"editorMode":"ace/mode/scala","results":{},"enabled":true,"editorSetting":{"language":"scala","editOnDblClick":false}},"settings":{"params":{},"forms":{}},"results":{"code":"SUCCESS","msg":[{"type":"TEXT","data":"\nimport org.apache.spark.sql.SQLContext\n\nimport org.apache.spark.sql.types.{StructType, StructField, StringType, DoubleType, IntegerType, BooleanType}\n\nlogSchema: org.apache.spark.sql.types.StructType = StructType(StructField(VIN,StringType,true), StructField(DATE,StringType,true), StructField(LATITUDE,DoubleType,true), StructField(LONGITUDE,DoubleType,true), StructField(RUN_DISTANCE,DoubleType,true))\n"}]},"apps":[],"jobName":"paragraph_1525851281426_-234512710","id":"20171123-061846_824410525","dateCreated":"May 9, 2018 7:34:41 AM","dateStarted":"May 9, 2018 7:42:54 AM","dateFinished":"May 9, 2018 7:42:54 AM","status":"FINISHED","progressUpdateIntervalMs":500},{"text":"val headerDF = sqlContext.createDataFrame(rowRDD, logSchema)\nheaderDF.registerTempTable(\"header\")","user":"anonymous","dateUpdated":"May 9, 2018 7:42:57 AM","config":{"colWidth":12,"editorMode":"ace/mode/scala","results":{},"enabled":true,"editorSetting":{"language":"scala","editOnDblClick":false}},"settings":{"params":{},"forms":{}},"results":{"code":"SUCCESS","msg":[{"type":"TEXT","data":"\nheaderDF: org.apache.spark.sql.DataFrame = [VIN: string, DATE: string ... 3 more fields]\n\nwarning: there was one deprecation warning; re-run with -deprecation for details\n"}]},"apps":[],"jobName":"paragraph_1525851281426_-234512710","id":"20171123-063009_2014887201","dateCreated":"May 9, 2018 7:34:41 AM","dateStarted":"May 9, 2018 7:42:57 AM","dateFinished":"May 9, 2018 7:42:57 AM","status":"FINISHED","progressUpdateIntervalMs":500},{"text":"headerDF.show(10)","user":"anonymous","dateUpdated":"May 9, 2018 7:43:01 AM","config":{"colWidth":12,"editorMode":"ace/mode/scala","results":{},"enabled":true,"editorSetting":{"language":"scala","editOnDblClick":false}},"settings":{"params":{},"forms":{}},"results":{"code":"SUCCESS","msg":[{"type":"TEXT","data":"+-------------+----------+--------+---------+------------+\n|          VIN|      DATE|LATITUDE|LONGITUDE|RUN_DISTANCE|\n+-------------+----------+--------+---------+------------+\n|F30YNJ3000915|2015-01-01|37.48765| 128.2195|    120479.0|\n|F30YNJ3001930|2015-01-01| 35.8324| 127.3807|    179303.0|\n|F30YNJ3002285|2015-01-01| 36.3714| 128.4875|     49271.0|\n|F30YNJ3001945|2015-01-01|37.48765| 128.2195|     92370.0|\n|F30YNJ3003383|2015-01-01|37.48765| 128.2195|    179303.0|\n|F30YNJ3000890|2015-01-01| 35.8324| 127.3807|    120479.0|\n|F30YNJ3002423|2015-01-01| 37.1235| 127.8076|     73808.0|\n|F30YNJ3000360|2015-01-01| 36.3714| 128.4875|    119080.0|\n|F30YNJ3002957|2015-01-01| 37.8657| 127.1078|     87607.0|\n|F30YNJ3000562|2015-01-01| 37.8192| 127.3701|    120479.0|\n+-------------+----------+--------+---------+------------+\nonly showing top 10 rows\n\n"}]},"apps":[],"jobName":"paragraph_1525851281426_-234512710","id":"20171123-074845_1040299168","dateCreated":"May 9, 2018 7:34:41 AM","dateStarted":"May 9, 2018 7:43:01 AM","dateFinished":"May 9, 2018 7:43:03 AM","status":"FINISHED","progressUpdateIntervalMs":500},{"text":"%sql\nselect * from header limit 100","user":"anonymous","dateUpdated":"May 9, 2018 7:43:07 AM","config":{"colWidth":12,"editorMode":"ace/mode/sql","results":{"0":{"graph":{"mode":"table","height":300,"optionOpen":true,"setting":{"multiBarChart":{}},"commonSetting":{},"keys":[{"name":"VIN","index":0,"aggr":"sum"}],"groups":[],"values":[{"name":"RUN_DISTANCE","index":4,"aggr":"sum"}]},"helium":{}}},"enabled":true,"editorSetting":{"language":"sql","editOnDblClick":false}},"settings":{"params":{},"forms":{}},"results":{"code":"SUCCESS","msg":[{"type":"TABLE","data":"VIN\tDATE\tLATITUDE\tLONGITUDE\tRUN_DISTANCE\nF30YNJ3000915\t2015-01-01\t37.48765\t128.2195\t120479.0\nF30YNJ3001930\t2015-01-01\t35.8324\t127.3807\t179303.0\nF30YNJ3002285\t2015-01-01\t36.3714\t128.4875\t49271.0\nF30YNJ3001945\t2015-01-01\t37.48765\t128.2195\t92370.0\nF30YNJ3003383\t2015-01-01\t37.48765\t128.2195\t179303.0\nF30YNJ3000890\t2015-01-01\t35.8324\t127.3807\t120479.0\nF30YNJ3002423\t2015-01-01\t37.1235\t127.8076\t73808.0\nF30YNJ3000360\t2015-01-01\t36.3714\t128.4875\t119080.0\nF30YNJ3002957\t2015-01-01\t37.8657\t127.1078\t87607.0\nF30YNJ3000562\t2015-01-01\t37.8192\t127.3701\t120479.0\nF30YNJ3000700\t2015-01-01\t36.10976\t128.4763\t92370.0\nF30YNJ3001990\t2015-01-01\t36.3714\t128.4875\t87607.0\nF30YNJ3002429\t2015-01-01\t37.48765\t128.2195\t50618.0\nF30YNJ3003635\t2015-01-01\t37.8657\t127.1078\t38981.0\nF30YNJ3000568\t2015-01-01\t37.8657\t127.1078\t49271.0\nF30YNJ3002845\t2015-01-01\t36.5231\t128.1298\t119080.0\nF30YNJ3001145\t2015-01-01\t37.48765\t128.2195\t73808.0\nF30YNJ3003819\t2015-01-01\t36.9654\t127.7026\t119080.0\nF30YNJ3003639\t2015-01-01\t36.5231\t128.1298\t73808.0\nF30YNJ3003446\t2015-01-01\t37.8192\t127.3701\t59807.0\nF30YNJ3003514\t2015-01-01\t37.8192\t127.3701\t38981.0\nF30YNJ3003776\t2015-01-01\t35.8324\t127.3807\t179303.0\nF30YNJ3001141\t2015-01-01\t35.8324\t127.3807\t73808.0\nF30YNJ3000821\t2015-01-01\t37.48765\t128.2195\t87607.0\nF30YNJ3000922\t2015-01-01\t36.3714\t128.4875\t38981.0\nF30YNJ3000322\t2015-01-01\t37.48765\t128.2195\t50618.0\nF30YNJ3001262\t2015-01-01\t36.3714\t128.4875\t38981.0\nF30YNJ3003398\t2015-01-01\t37.8657\t127.1078\t3670.0\nF30YNJ3000603\t2015-01-01\t36.5231\t128.1298\t179303.0\nF30YNJ3002366\t2015-01-01\t36.10976\t128.4763\t120479.0\nF30YNJ3002300\t2015-01-01\t36.10976\t128.4763\t40173.0\nF30YNJ3000351\t2015-01-01\t37.48765\t128.2195\t40173.0\nF30YNJ3003499\t2015-01-01\t36.10976\t128.4763\t38981.0\nF30YNJ3001996\t2015-01-01\t36.5231\t128.1298\t40173.0\nF30YNJ3002876\t2015-01-01\t35.5134\t126.9867\t87607.0\nF30YNJ3001624\t2015-01-01\t36.3714\t128.4875\t120479.0\nF30YNJ3001857\t2015-01-01\t37.1235\t127.8076\t87607.0\nF30YNJ3001392\t2015-01-01\t35.5134\t126.9867\t20810.0\nF30YNJ3001417\t2015-01-01\t37.8657\t127.1078\t3670.0\nF30YNJ3002164\t2015-01-01\t36.9654\t127.7026\t87607.0\nF30YNJ3003318\t2015-01-01\t35.5134\t126.9867\t38981.0\nF30YNJ3003439\t2015-01-01\t35.8324\t127.3807\t92370.0\nF30YNJ3000982\t2015-01-01\t37.8192\t127.3701\t3670.0\nF30YNJ3003804\t2015-01-01\t36.5231\t128.1298\t87607.0\nF30YNJ3001035\t2015-01-01\t36.5231\t128.1298\t179303.0\nF30YNJ3002872\t2015-01-01\t36.3714\t128.4875\t38981.0\nF30YNJ3000168\t2015-01-01\t36.10976\t128.4763\t38981.0\nF30YNJ3003549\t2015-01-01\t37.8192\t127.3701\t119080.0\nF30YNJ3002751\t2015-01-01\t37.8657\t127.1078\t3670.0\nF30YNJ3002421\t2015-01-01\t36.3714\t128.4875\t73808.0\nF30YNJ3002999\t2015-01-01\t36.9654\t127.7026\t119080.0\nF30YNJ3000869\t2015-01-01\t36.9654\t127.7026\t40173.0\nF30YNJ3003686\t2015-01-01\t37.8192\t127.3701\t179303.0\nF30YNJ3003808\t2015-01-01\t37.1235\t127.8076\t92370.0\nF30YNJ3001783\t2015-01-01\t36.5231\t128.1298\t73808.0\nF30YNJ3000030\t2015-01-01\t35.5134\t126.9867\t87607.0\nF30YNJ3000854\t2015-01-01\t37.1235\t127.8076\t87607.0\nF30YNJ3001099\t2015-01-01\t37.1235\t127.8076\t92370.0\nF30YNJ3000775\t2015-01-01\t37.48765\t128.2195\t92370.0\nF30YNJ3002612\t2015-01-01\t36.9654\t127.7026\t20810.0\nF30YNJ3000438\t2015-01-01\t35.8324\t127.3807\t38981.0\nF30YNJ3000856\t2015-01-01\t37.48765\t128.2195\t59807.0\nF30YNJ3000920\t2015-01-01\t37.48765\t128.2195\t3670.0\nF30YNJ3001790\t2015-01-01\t37.8192\t127.3701\t49271.0\nF30YNJ3001367\t2015-01-01\t37.8657\t127.1078\t120479.0\nF30YNJ3003550\t2015-01-01\t37.8192\t127.3701\t3670.0\nF30YNJ3001008\t2015-01-01\t37.1235\t127.8076\t59807.0\nF30YNJ3000276\t2015-01-01\t35.5134\t126.9867\t120479.0\nF30YNJ3002557\t2015-01-01\t37.8192\t127.3701\t40173.0\nF30YNJ3003781\t2015-01-01\t37.48765\t128.2195\t20810.0\nF30YNJ3001677\t2015-01-01\t37.8657\t127.1078\t38981.0\nF30YNJ3001912\t2015-01-01\t36.5231\t128.1298\t92370.0\nF30YNJ3003464\t2015-01-01\t37.1235\t127.8076\t3670.0\nF30YNJ3000236\t2015-01-01\t37.8192\t127.3701\t49271.0\nF30YNJ3001563\t2015-01-01\t36.5231\t128.1298\t120479.0\nF30YNJ3001860\t2015-01-01\t37.1235\t127.8076\t40173.0\nF30YNJ3003217\t2015-01-01\t35.8324\t127.3807\t3670.0\nF30YNJ3000964\t2015-01-01\t37.48765\t128.2195\t92370.0\nF30YNJ3000166\t2015-01-01\t36.5231\t128.1298\t92370.0\nF30YNJ3002106\t2015-01-01\t37.1235\t127.8076\t20810.0\nF30YNJ3001275\t2015-01-01\t37.1235\t127.8076\t40173.0\nF30YNJ3000827\t2015-01-01\t36.5231\t128.1298\t40173.0\nF30YNJ3000274\t2015-01-01\t35.5134\t126.9867\t49271.0\nF30YNJ3001385\t2015-01-01\t35.5134\t126.9867\t50618.0\nF30YNJ3003370\t2015-01-01\t37.8657\t127.1078\t59807.0\nF30YNJ3000362\t2015-01-01\t36.10976\t128.4763\t87607.0\nF30YNJ3003574\t2015-01-01\t37.1235\t127.8076\t3670.0\nF30YNJ3003677\t2015-01-01\t37.8192\t127.3701\t73808.0\nF30YNJ3000193\t2015-01-01\t36.10976\t128.4763\t119080.0\nF30YNJ3001798\t2015-01-01\t36.3714\t128.4875\t87607.0\nF30YNJ3000609\t2015-01-01\t37.1235\t127.8076\t119080.0\nF30YNJ3000009\t2015-01-01\t37.8192\t127.3701\t73808.0\nF30YNJ3000847\t2015-01-01\t37.8192\t127.3701\t49271.0\nF30YNJ3000388\t2015-01-01\t36.9654\t127.7026\t59807.0\nF30YNJ3000261\t2015-01-01\t37.1235\t127.8076\t92370.0\nF30YNJ3001428\t2015-01-01\t36.5231\t128.1298\t50618.0\nF30YNJ3001653\t2015-01-01\t37.48765\t128.2195\t40173.0\nF30YNJ3000681\t2015-01-01\t37.48765\t128.2195\t49271.0\nF30YNJ3001343\t2015-01-01\t36.5231\t128.1298\t50618.0\nF30YNJ3001718\t2015-01-01\t36.3714\t128.4875\t87607.0\n"}]},"apps":[],"jobName":"paragraph_1525851281426_-234512710","id":"20171123-075041_1219658104","dateCreated":"May 9, 2018 7:34:41 AM","dateStarted":"May 9, 2018 7:43:07 AM","dateFinished":"May 9, 2018 7:43:08 AM","status":"FINISHED","progressUpdateIntervalMs":500},{"dateUpdated":"May 9, 2018 7:34:41 AM","config":{"colWidth":12,"editorMode":"ace/mode/scala","results":{},"enabled":true,"editorSetting":{"language":"scala"}},"settings":{"params":{},"forms":{}},"apps":[],"jobName":"paragraph_1525851281427_-234897459","id":"20180321-215701_1705778948","dateCreated":"May 9, 2018 7:34:41 AM","status":"READY","errorMessage":"","progressUpdateIntervalMs":500}],"name":"BDC_oneday_trip3_weblog","id":"2DDHZRYD1","angularObjects":{"2DCCE8Y31:shared_process":[],"2DF4RNFP4:shared_process":[],"2DEAVT5SQ:shared_process":[],"2DD5RV72W:shared_process":[],"2DD3DBU5T:shared_process":[],"2C4U48MY3_spark2:shared_process":[],"2DF5SSVDD:shared_process":[],"2DE5AG8V1:shared_process":[]},"config":{},"info":{}}