{"paragraphs":[{"text":"val rawRDD= sc.textFile(\"hdfs:///user/oracle/weblog/logfiledata.txt\")","dateUpdated":"Apr 10, 2018 6:00:11 AM","config":{"colWidth":12,"editorMode":"ace/mode/scala","results":{},"enabled":true,"editorSetting":{"language":"scala","editOnDblClick":false}},"settings":{"params":{},"forms":{}},"results":{"code":"SUCCESS","msg":[{"type":"TEXT","data":"rawRDD: org.apache.spark.rdd.RDD[String] = hdfs:///user/oracle/weblog/logfiledata.txt MapPartitionsRDD[49] at textFile at <console>:59\n"}]},"apps":[],"jobName":"paragraph_1523340011356_272079457","id":"20171123-054138_1555814941","dateCreated":"Apr 10, 2018 6:00:11 AM","status":"READY","errorMessage":"","progressUpdateIntervalMs":500},{"text":"rawRDD.take(100).foreach(println)","dateUpdated":"Apr 10, 2018 6:00:11 AM","config":{"colWidth":12,"editorMode":"ace/mode/scala","results":{},"enabled":true,"editorSetting":{"language":"scala","editOnDblClick":false}},"settings":{"params":{},"forms":{}},"results":{"code":"SUCCESS","msg":[{"type":"TEXT","data":"2017-09-28 12:17:14.105 DEBUG [Network I/O Started]  org.jboss.netty.handler.codec.http.HttpMessageDecoder - checkpoint called (hash:657908496) => state : NORMAL\n 2017-09-28 12:17:14.105 INFO  [Network I/O Started]  tms.sbs.http.HttpStaticHeaderHandler.Server.INNER - Set static header - CuserID: --------\n 2017-09-28 12:17:14.105 INFO  [Network I/O Started]  tms.sbs.http.HttpStaticHeaderHandler.Server.INNER - Set static header - CuserPhone: --------\n 2017-09-28 12:17:14.105 INFO  [Network I/O Started]  tms.sbs.http.HttpStaticHeaderHandler.Server.INNER - Set static header - CuserPW: --------\n 2017-09-28 12:17:14.106 INFO  [Network I/O Started]  tms.sbs.http.HttpLoggingHandler.Server.INNER - [id: 0xa610d7f4, /10.2.27.38:38976 => /10.2.27.249:2754] RECEIVED\n =============================================\n  [NBU ===> DTU]  HTTP Request information\n SID: T2xo7Qm000000000\n POST /cmm/vsn HTTP/1.1\n Accept: application/json\n To: NBU\n From: DTU\n VIN: F30YNJ3000000\n NADID: 6572650922\n Language: 0\n Version: 2.5.1\n Offset: -4\n Date: 2015-01-01 00:00:00\n Lat: 37.48765\n Long: 128.2195\n Alt: 237.0\n Type: 0\n Telecom: SK Telecom\n RunDistance: 20810\n Unit: 3\n Adv-Dec: 1\n Content-Type: application/json\n Content-Length: 615\n User-Agent: Commons-HttpClient/2.4\n Host: 10.2.27.38:2671\n   +-------------------------------------------------+\n   |  0  1  2  3  4  5  6  7  8  9  a  b  c  d  e  f |\n +--------+-------------------------------------------------+----------------+\n |00000000| 7b 22 73 76 63 52 65 73 4e 6f 74 69 22 3a 7b 22 ||\n |00000010| 73 74 61 74 75 73 22 3a 31 2c 22 73 63 65 6e 61 ||\n |00000020| 72 69 6f 4e 61 6d 65 22 3a 22 52 65 6d 6f 74 65 ||\n |00000030| 20 53 74 61 72 74 22 2c 22 73 74 61 74 75 73 43 ||\n |00000040| 6f 64 65 22 3a 22 35 31 30 22 2c 22 72 65 61 73 ||\n |00000050| 6f 6e 50 68 72 61 73 65 22 3a 22 4e 6f 20 52 65 ||\n |00000060| 73 70 6f 6e 73 65 20 42 2d 43 41 4e 22 2c 22 64 ||\n |00000070| 65 73 63 72 69 70 74 69 6f 6e 22 3a 22 4e 6f 20 ||\n |00000080| 52 65 73 70 6f 6e 73 65 20 66 72 6f 6d 20 42 2d ||\n |00000090| 43 41 4e 2e 22 2c 22 73 65 72 76 69 63 65 54 49 ||\n |000000a0| 44 22 3a 22 76 45 4b 53 72 37 58 6b 54 4c 61 4b ||\n |000000b0| 38 43 35 52 78 79 72 4c 66 67 22 7d 2c 22 76 65 ||\n |000000c0| 68 69 63 6c 65 53 74 61 74 75 73 22 3a 7b 22 61 ||\n |000000d0| 69 72 43 74 72 6c 4f 6e 22 3a 66 61 6c 73 65 2c ||\n |000000e0| 22 65 6e 67 69 6e 65 22 3a 66 61 6c 73 65 2c 22 ||\n |000000f0| 64 6f 6f 72 4c 6f 63 6b 22 3a 74 72 75 65 2c 22 ||\n |00000100| 64 6f 6f 72 4f 70 65 6e 22 3a 7b 22 66 72 6f 6e ||\n |00000110| 74 4c 65 66 74 22 3a 30 2c 22 66 72 6f 6e 74 52 ||\n |00000120| 69 67 68 74 22 3a 30 2c 22 62 61 63 6b 4c 65 66 ||\n |00000130| 74 22 3a 30 2c 22 62 61 63 6b 52 69 67 68 74 22 ||\n |00000140| 3a 30 7d 2c 22 74 72 75 6e 6b 4f 70 65 6e 22 3a ||\n |00000150| 66 61 6c 73 65 2c 22 61 69 72 54 65 6d 70 22 3a ||\n |00000160| 7b 22 76 61 6c 75 65 22 3a 22 30 31 48 22 2c 22 ||\n |00000170| 75 6e 69 74 22 3a 30 7d 2c 22 64 65 66 72 6f 73 ||\n |00000180| 74 22 3a 66 61 6c 73 65 2c 22 6c 6f 77 46 75 65 ||\n |00000190| 6c 4c 69 67 68 74 22 3a 66 61 6c 73 65 2c 22 61 ||\n |000001a0| 63 63 22 3a 66 61 6c 73 65 2c 22 68 6f 6f 64 4f ||\n |000001b0| 70 65 6e 22 3a 66 61 6c 73 65 2c 22 74 72 61 6e ||\n |000001c0| 73 43 6f 6e 64 22 3a 74 72 75 65 2c 22 73 74 65 ||\n |000001d0| 65 72 57 68 65 65 6c 48 65 61 74 22 3a 30 2c 22 ||\n |000001e0| 73 69 64 65 42 61 63 6b 57 69 6e 64 6f 77 48 65 ||\n |000001f0| 61 74 22 3a 30 2c 22 64 74 65 22 3a 7b 22 76 61 ||\n |00000200| 6c 75 65 22 3a 30 2e 30 2c 22 75 6e 69 74 22 3a ||\n |00000210| 33 7d 2c 22 74 69 72 65 50 72 65 73 73 75 72 65 ||\n |00000220| 4c 61 6d 70 22 3a 7b 22 74 69 72 65 50 72 65 73 ||\n |00000230| 73 75 72 65 4c 61 6d 70 41 6c 6c 22 3a 30 7d 7d ||\n |00000240| 2c 22 73 65 72 76 69 63 65 54 49 44 22 3a 22 76 ||\n |00000250| 45 4b 53 72 37 58 6b 54 4c 61 4b 38 43 35 52 78 ||\n |00000260| 79 72 4c 66 67 22 7d                            ||\n +--------+-------------------------------------------------+----------------+\n 2017-09-28 12:17:14.106 INFO  [Network I/O Started]  tms.sbs.tran.TransactionManager - [Transaction: xudIjdlkjfULK] begin transaction\n 2017-09-28 12:17:14.106 DEBUG [Network I/O Started]  tms.sbs.tran.TransactionHandler - [Transaction: xudIjdlkjfULK] OMS insert request message\n 2017-09-28 12:17:14.106 INFO  [Network I/O Started]  tms.sbs.validity.ServiceValidationHandler - [Transaction: xudIjdlkjfULK] From=ISS, Message=CMM-29, Scheme=HTTP, isResponse=false\n 2017-09-28 12:17:14.106 INFO  [Network I/O Started]  tms.sbs.validity.ScenarioValidator - [Transaction: xudIjdlkjfULK] Status=100, Scenario=CMM-O, Matching list=[CMM-O]2017-09-28 12:17:14.105 DEBUG [Network I/O Started]  org.jboss.netty.handler.codec.http.HttpMessageDecoder - checkpoint called (hash:657908496) => state : NORMAL\n 2017-09-28 12:17:14.105 INFO  [Network I/O Started]  tms.sbs.http.HttpStaticHeaderHandler.Server.INNER - Set static header - CuserID: --------\n 2017-09-28 12:17:14.105 INFO  [Network I/O Started]  tms.sbs.http.HttpStaticHeaderHandler.Server.INNER - Set static header - CuserPhone: --------\n 2017-09-28 12:17:14.105 INFO  [Network I/O Started]  tms.sbs.http.HttpStaticHeaderHandler.Server.INNER - Set static header - CuserPW: --------\n 2017-09-28 12:17:14.106 INFO  [Network I/O Started]  tms.sbs.http.HttpLoggingHandler.Server.INNER - [id: 0xa610d7f4, /10.2.27.38:38976 => /10.2.27.249:2754] RECEIVED\n =============================================\n  [NBU ===> DTU]  HTTP Request information\n SID: T2xo7Qm000000001\n POST /cmm/vsn HTTP/1.1\n Accept: application/json\n To: NBU\n From: DTU\n VIN: F30YNJ3000001\n NADID: 6572650922\n Language: 0\n Version: 2.5.1\n Offset: -4\n Date: 2015-01-01 00:00:01\n Lat: 36.3714\n Long: 128.4875\n Alt: 237.0\n Type: 0\n Telecom: SK Telecom\n RunDistance: 120479\n"}]},"apps":[],"jobName":"paragraph_1523340011357_271694708","id":"20171123-054232_1094377388","dateCreated":"Apr 10, 2018 6:00:11 AM","status":"READY","errorMessage":"","progressUpdateIntervalMs":500},{"text":"val filterRDD = rawRDD.filter(line => !line.contains(\"tms.sbs\")).filter(line => line.contains(\"VIN: \") || line.contains(\"Date: \")|| line.contains(\"Lat: \") || line.contains(\"Long: \") || line.contains(\"RunDistance: \"))","dateUpdated":"Apr 10, 2018 6:00:11 AM","config":{"colWidth":12,"editorMode":"ace/mode/scala","results":{},"enabled":true,"editorSetting":{"language":"scala","editOnDblClick":false}},"settings":{"params":{},"forms":{}},"results":{"code":"SUCCESS","msg":[{"type":"TEXT","data":"filterRDD: org.apache.spark.rdd.RDD[String] = MapPartitionsRDD[51] at filter at <console>:61\n"}]},"apps":[],"jobName":"paragraph_1523340011357_271694708","id":"20171123-054248_488795917","dateCreated":"Apr 10, 2018 6:00:11 AM","status":"READY","errorMessage":"","progressUpdateIntervalMs":500},{"text":"filterRDD.take(100).foreach(println)","dateUpdated":"Apr 10, 2018 6:00:11 AM","config":{"colWidth":12,"editorMode":"ace/mode/scala","results":{},"enabled":true,"editorSetting":{"language":"scala","editOnDblClick":false}},"settings":{"params":{},"forms":{}},"results":{"code":"SUCCESS","msg":[{"type":"TEXT","data":" VIN: F30YNJ3000000\n Date: 2015-01-01 00:00:00\n Lat: 37.48765\n Long: 128.2195\n RunDistance: 20810\n VIN: F30YNJ3000001\n Date: 2015-01-01 00:00:01\n Lat: 36.3714\n Long: 128.4875\n RunDistance: 120479\n VIN: F30YNJ3000002\n Date: 2015-01-01 00:00:02\n Lat: 36.9654\n Long: 127.7026\n RunDistance: 3670\n VIN: F30YNJ3000003\n Date: 2015-01-01 00:00:03\n Lat: 36.9654\n Long: 127.7026\n RunDistance: 38981\n VIN: F30YNJ3000004\n Date: 2015-01-01 00:00:04\n Lat: 35.8324\n Long: 127.3807\n RunDistance: 92370\n VIN: F30YNJ3000005\n Date: 2015-01-01 00:00:05\n Lat: 36.5231\n Long: 128.1298\n RunDistance: 120479\n VIN: F30YNJ3000006\n Date: 2015-01-01 00:00:06\n Lat: 37.8657\n Long: 127.1078\n RunDistance: 49271\n VIN: F30YNJ3000007\n Date: 2015-01-01 00:00:07\n Lat: 36.3714\n Long: 128.4875\n RunDistance: 179303\n VIN: F30YNJ3000008\n Date: 2015-01-01 00:00:08\n Lat: 37.48765\n Long: 128.2195\n RunDistance: 73808\n VIN: F30YNJ3000009\n Date: 2015-01-01 00:00:09\n Lat: 37.8192\n Long: 127.3701\n RunDistance: 73808\n VIN: F30YNJ3000010\n Date: 2015-01-01 00:00:10\n Lat: 35.5134\n Long: 126.9867\n RunDistance: 87607\n VIN: F30YNJ3000011\n Date: 2015-01-01 00:00:11\n Lat: 37.8657\n Long: 127.1078\n RunDistance: 73808\n VIN: F30YNJ3000012\n Date: 2015-01-01 00:00:12\n Lat: 35.8324\n Long: 127.3807\n RunDistance: 120479\n VIN: F30YNJ3000013\n Date: 2015-01-01 00:00:13\n Lat: 37.1235\n Long: 127.8076\n RunDistance: 119080\n VIN: F30YNJ3000014\n Date: 2015-01-01 00:00:14\n Lat: 37.8657\n Long: 127.1078\n RunDistance: 3670\n VIN: F30YNJ3000015\n Date: 2015-01-01 00:00:15\n Lat: 36.9654\n Long: 127.7026\n RunDistance: 87607\n VIN: F30YNJ3000016\n Date: 2015-01-01 00:00:16\n Lat: 36.9654\n Long: 127.7026\n RunDistance: 3670\n VIN: F30YNJ3000017\n Date: 2015-01-01 00:00:17\n Lat: 36.10976\n Long: 128.4763\n RunDistance: 179303\n VIN: F30YNJ3000018\n Date: 2015-01-01 00:00:18\n Lat: 37.1235\n Long: 127.8076\n RunDistance: 119080\n VIN: F30YNJ3000019\n Date: 2015-01-01 00:00:19\n Lat: 35.5134\n Long: 126.9867\n RunDistance: 120479\n"}]},"apps":[],"jobName":"paragraph_1523340011358_272848955","id":"20171123-054328_892322679","dateCreated":"Apr 10, 2018 6:00:11 AM","status":"READY","errorMessage":"","progressUpdateIntervalMs":500},{"text":"var key = 1L\nval hashRDD = filterRDD.map{ x => {\n    if (x.trim.startsWith( \"VIN\")){\n        key = x.hashCode\n    }\n    (key, x.trim)\n  }\n}","dateUpdated":"Apr 10, 2018 6:00:11 AM","config":{"colWidth":12,"editorMode":"ace/mode/scala","results":{},"enabled":true,"editorSetting":{"language":"scala","editOnDblClick":false}},"settings":{"params":{},"forms":{}},"results":{"code":"SUCCESS","msg":[{"type":"TEXT","data":"key: Long = 1\nhashRDD: org.apache.spark.rdd.RDD[(Long, String)] = MapPartitionsRDD[52] at map at <console>:65\n"}]},"apps":[],"jobName":"paragraph_1523340011358_272848955","id":"20171123-054338_1097263592","dateCreated":"Apr 10, 2018 6:00:11 AM","status":"READY","errorMessage":"","progressUpdateIntervalMs":500},{"text":"hashRDD.take(100).foreach(println)","dateUpdated":"Apr 10, 2018 6:00:11 AM","config":{"colWidth":12,"editorMode":"ace/mode/scala","results":{},"enabled":true,"editorSetting":{"language":"scala","editOnDblClick":false}},"settings":{"params":{},"forms":{}},"results":{"code":"SUCCESS","msg":[{"type":"TEXT","data":"(-1145890496,VIN: F30YNJ3000000)\n(-1145890496,Date: 2015-01-01 00:00:00)\n(-1145890496,Lat: 37.48765)\n(-1145890496,Long: 128.2195)\n(-1145890496,RunDistance: 20810)\n(-1145890495,VIN: F30YNJ3000001)\n(-1145890495,Date: 2015-01-01 00:00:01)\n(-1145890495,Lat: 36.3714)\n(-1145890495,Long: 128.4875)\n(-1145890495,RunDistance: 120479)\n(-1145890494,VIN: F30YNJ3000002)\n(-1145890494,Date: 2015-01-01 00:00:02)\n(-1145890494,Lat: 36.9654)\n(-1145890494,Long: 127.7026)\n(-1145890494,RunDistance: 3670)\n(-1145890493,VIN: F30YNJ3000003)\n(-1145890493,Date: 2015-01-01 00:00:03)\n(-1145890493,Lat: 36.9654)\n(-1145890493,Long: 127.7026)\n(-1145890493,RunDistance: 38981)\n(-1145890492,VIN: F30YNJ3000004)\n(-1145890492,Date: 2015-01-01 00:00:04)\n(-1145890492,Lat: 35.8324)\n(-1145890492,Long: 127.3807)\n(-1145890492,RunDistance: 92370)\n(-1145890491,VIN: F30YNJ3000005)\n(-1145890491,Date: 2015-01-01 00:00:05)\n(-1145890491,Lat: 36.5231)\n(-1145890491,Long: 128.1298)\n(-1145890491,RunDistance: 120479)\n(-1145890490,VIN: F30YNJ3000006)\n(-1145890490,Date: 2015-01-01 00:00:06)\n(-1145890490,Lat: 37.8657)\n(-1145890490,Long: 127.1078)\n(-1145890490,RunDistance: 49271)\n(-1145890489,VIN: F30YNJ3000007)\n(-1145890489,Date: 2015-01-01 00:00:07)\n(-1145890489,Lat: 36.3714)\n(-1145890489,Long: 128.4875)\n(-1145890489,RunDistance: 179303)\n(-1145890488,VIN: F30YNJ3000008)\n(-1145890488,Date: 2015-01-01 00:00:08)\n(-1145890488,Lat: 37.48765)\n(-1145890488,Long: 128.2195)\n(-1145890488,RunDistance: 73808)\n(-1145890487,VIN: F30YNJ3000009)\n(-1145890487,Date: 2015-01-01 00:00:09)\n(-1145890487,Lat: 37.8192)\n(-1145890487,Long: 127.3701)\n(-1145890487,RunDistance: 73808)\n(-1145890465,VIN: F30YNJ3000010)\n(-1145890465,Date: 2015-01-01 00:00:10)\n(-1145890465,Lat: 35.5134)\n(-1145890465,Long: 126.9867)\n(-1145890465,RunDistance: 87607)\n(-1145890464,VIN: F30YNJ3000011)\n(-1145890464,Date: 2015-01-01 00:00:11)\n(-1145890464,Lat: 37.8657)\n(-1145890464,Long: 127.1078)\n(-1145890464,RunDistance: 73808)\n(-1145890463,VIN: F30YNJ3000012)\n(-1145890463,Date: 2015-01-01 00:00:12)\n(-1145890463,Lat: 35.8324)\n(-1145890463,Long: 127.3807)\n(-1145890463,RunDistance: 120479)\n(-1145890462,VIN: F30YNJ3000013)\n(-1145890462,Date: 2015-01-01 00:00:13)\n(-1145890462,Lat: 37.1235)\n(-1145890462,Long: 127.8076)\n(-1145890462,RunDistance: 119080)\n(-1145890461,VIN: F30YNJ3000014)\n(-1145890461,Date: 2015-01-01 00:00:14)\n(-1145890461,Lat: 37.8657)\n(-1145890461,Long: 127.1078)\n(-1145890461,RunDistance: 3670)\n(-1145890460,VIN: F30YNJ3000015)\n(-1145890460,Date: 2015-01-01 00:00:15)\n(-1145890460,Lat: 36.9654)\n(-1145890460,Long: 127.7026)\n(-1145890460,RunDistance: 87607)\n(-1145890459,VIN: F30YNJ3000016)\n(-1145890459,Date: 2015-01-01 00:00:16)\n(-1145890459,Lat: 36.9654)\n(-1145890459,Long: 127.7026)\n(-1145890459,RunDistance: 3670)\n(-1145890458,VIN: F30YNJ3000017)\n(-1145890458,Date: 2015-01-01 00:00:17)\n(-1145890458,Lat: 36.10976)\n(-1145890458,Long: 128.4763)\n(-1145890458,RunDistance: 179303)\n(-1145890457,VIN: F30YNJ3000018)\n(-1145890457,Date: 2015-01-01 00:00:18)\n(-1145890457,Lat: 37.1235)\n(-1145890457,Long: 127.8076)\n(-1145890457,RunDistance: 119080)\n(-1145890456,VIN: F30YNJ3000019)\n(-1145890456,Date: 2015-01-01 00:00:19)\n(-1145890456,Lat: 35.5134)\n(-1145890456,Long: 126.9867)\n(-1145890456,RunDistance: 120479)\n"}]},"apps":[],"jobName":"paragraph_1523340011359_272464206","id":"20171123-054356_2050524165","dateCreated":"Apr 10, 2018 6:00:11 AM","status":"READY","errorMessage":"","progressUpdateIntervalMs":500},{"text":"val groupRDD = hashRDD.groupByKey.mapValues(_.toList)","dateUpdated":"Apr 10, 2018 6:00:11 AM","config":{"colWidth":12,"editorMode":"ace/mode/scala","results":{},"enabled":true,"editorSetting":{"language":"scala","editOnDblClick":false}},"settings":{"params":{},"forms":{}},"results":{"code":"SUCCESS","msg":[{"type":"TEXT","data":"groupRDD: org.apache.spark.rdd.RDD[(Long, List[String])] = MapPartitionsRDD[54] at mapValues at <console>:67\n"}]},"apps":[],"jobName":"paragraph_1523340011359_272464206","id":"20171123-054943_10803192","dateCreated":"Apr 10, 2018 6:00:11 AM","status":"READY","errorMessage":"","progressUpdateIntervalMs":500},{"text":"groupRDD.take(10).foreach(println)","dateUpdated":"Apr 10, 2018 6:00:11 AM","config":{"colWidth":12,"editorMode":"ace/mode/scala","results":{},"enabled":true,"editorSetting":{"language":"scala","editOnDblClick":false}},"settings":{"params":{},"forms":{}},"results":{"code":"SUCCESS","msg":[{"type":"TEXT","data":"(-1110587969,List(VIN: F30YNJ3177066, Date: 2015-01-03 01:11:06, Lat: 36.5231, Long: 128.1298, RunDistance: 119080))\n(-1138318777,List(VIN: F30YNJ3086500, Date: 2015-01-02 00:01:40, Lat: 35.5134, Long: 126.9867, RunDistance: 87607))\n(-1139187365,List(VIN: F30YNJ3078051, Date: 2015-01-01 21:40:51, Lat: 37.1235, Long: 127.8076, RunDistance: 179303))\n(-1117104479,List(VIN: F30YNJ3105876, Date: 2015-01-02 05:24:36, Lat: 35.8324, Long: 127.3807, RunDistance: 59807))\n(-1108851633,List(VIN: F30YNJ3193901, Date: 2015-01-03 05:51:41, Lat: 35.8324, Long: 127.3807, RunDistance: 119080))\n(-1144691101,List(VIN: F30YNJ3019825, Date: 2015-01-01 05:30:25, Lat: 37.8192, Long: 127.3701, RunDistance: 49271))\n(-1113443283,List(VIN: F30YNJ3144509, Date: 2015-01-02 16:08:29, Lat: 37.48765, Long: 128.2195, RunDistance: 3670))\n(-1144719997,List(VIN: F30YNJ3018901, Date: 2015-01-01 05:15:01, Lat: 37.48765, Long: 128.2195, RunDistance: 92370))\n(-1139304699,List(VIN: F30YNJ3074222, Date: 2015-01-01 20:37:02, Lat: 36.10976, Long: 128.4763, RunDistance: 59807))\n(-1145679935,List(VIN: F30YNJ3007239, Date: 2015-01-01 02:00:39, Lat: 37.8657, Long: 127.1078, RunDistance: 20810))\n"}]},"apps":[],"jobName":"paragraph_1523340011359_272464206","id":"20171123-055724_1060220951","dateCreated":"Apr 10, 2018 6:00:11 AM","status":"READY","errorMessage":"","progressUpdateIntervalMs":500},{"text":"import org.apache.spark.sql.Row\nval rowRDD = groupRDD.map(x => x._2).map(x => Row(x(0).split(\" \")(1),x(1).split(\" \")(1),x(2).split(\" \")(1).toDouble,x(3).split(\" \")(1).toDouble,x(4).split(\" \")(1).toDouble))","dateUpdated":"Apr 10, 2018 6:00:11 AM","config":{"colWidth":12,"editorMode":"ace/mode/scala","results":{},"enabled":true,"editorSetting":{"language":"scala","editOnDblClick":false}},"settings":{"params":{},"forms":{}},"results":{"code":"SUCCESS","msg":[{"type":"TEXT","data":"import org.apache.spark.sql.Row\nrowRDD: org.apache.spark.rdd.RDD[org.apache.spark.sql.Row] = MapPartitionsRDD[56] at map at <console>:70\n"}]},"apps":[],"jobName":"paragraph_1523340011360_258228497","id":"20171123-070255_328386975","dateCreated":"Apr 10, 2018 6:00:11 AM","status":"READY","errorMessage":"","progressUpdateIntervalMs":500},{"text":"rowRDD.take(10)","dateUpdated":"Apr 10, 2018 6:00:11 AM","config":{"colWidth":12,"editorMode":"ace/mode/scala","results":{},"enabled":true,"editorSetting":{"language":"scala"}},"settings":{"params":{},"forms":{}},"results":{"code":"SUCCESS","msg":[{"type":"TEXT","data":"res113: Array[org.apache.spark.sql.Row] = Array([F30YNJ3177066,2015-01-03,36.5231,128.1298,119080.0], [F30YNJ3086500,2015-01-02,35.5134,126.9867,87607.0], [F30YNJ3078051,2015-01-01,37.1235,127.8076,179303.0], [F30YNJ3105876,2015-01-02,35.8324,127.3807,59807.0], [F30YNJ3193901,2015-01-03,35.8324,127.3807,119080.0], [F30YNJ3019825,2015-01-01,37.8192,127.3701,49271.0], [F30YNJ3144509,2015-01-02,37.48765,128.2195,3670.0], [F30YNJ3018901,2015-01-01,37.48765,128.2195,92370.0], [F30YNJ3074222,2015-01-01,36.10976,128.4763,59807.0], [F30YNJ3007239,2015-01-01,37.8657,127.1078,20810.0])\n"}]},"apps":[],"jobName":"paragraph_1523340011360_258228497","id":"20180320-022046_189705646","dateCreated":"Apr 10, 2018 6:00:11 AM","status":"READY","errorMessage":"","progressUpdateIntervalMs":500},{"text":"import org.apache.spark.sql.SQLContext\nimport org.apache.spark.sql.types.{StructType, StructField, StringType, DoubleType, IntegerType,BooleanType}\n\nval logSchema = StructType(Array(\n    StructField(\"VIN\", StringType, true),       \n    StructField(\"DATE\", StringType, true),       \n    StructField(\"LATITUDE\", DoubleType, true),       \n    StructField(\"LONGITUDE\", DoubleType, true),       \n    StructField(\"RUN_DISTANCE\", DoubleType, true)))","dateUpdated":"Apr 10, 2018 6:00:11 AM","config":{"colWidth":12,"editorMode":"ace/mode/scala","results":{},"enabled":true,"editorSetting":{"language":"scala","editOnDblClick":false}},"settings":{"params":{},"forms":{}},"results":{"code":"SUCCESS","msg":[{"type":"TEXT","data":"import org.apache.spark.sql.SQLContext\nimport org.apache.spark.sql.types.{StructType, StructField, StringType, DoubleType, IntegerType, BooleanType}\nlogSchema: org.apache.spark.sql.types.StructType = StructType(StructField(VIN,StringType,true), StructField(DATE,StringType,true), StructField(LATITUDE,DoubleType,true), StructField(LONGITUDE,DoubleType,true), StructField(RUN_DISTANCE,DoubleType,true))\n"}]},"apps":[],"jobName":"paragraph_1523340011360_258228497","id":"20171123-061846_824410525","dateCreated":"Apr 10, 2018 6:00:11 AM","status":"READY","errorMessage":"","progressUpdateIntervalMs":500},{"text":"val headerDF = sqlContext.createDataFrame(rowRDD, logSchema)\nheaderDF.registerTempTable(\"header\")","dateUpdated":"Apr 10, 2018 6:00:11 AM","config":{"colWidth":12,"editorMode":"ace/mode/scala","results":{},"enabled":true,"editorSetting":{"language":"scala","editOnDblClick":false}},"settings":{"params":{},"forms":{}},"results":{"code":"SUCCESS","msg":[{"type":"TEXT","data":"headerDF: org.apache.spark.sql.DataFrame = [VIN: string, DATE: string ... 3 more fields]\nwarning: there was one deprecation warning; re-run with -deprecation for details\n"}]},"apps":[],"jobName":"paragraph_1523340011361_257843748","id":"20171123-063009_2014887201","dateCreated":"Apr 10, 2018 6:00:11 AM","status":"READY","errorMessage":"","progressUpdateIntervalMs":500},{"text":"headerDF.show(10)","dateUpdated":"Apr 10, 2018 6:00:11 AM","config":{"colWidth":12,"editorMode":"ace/mode/scala","results":{},"enabled":true,"editorSetting":{"language":"scala","editOnDblClick":false}},"settings":{"params":{},"forms":{}},"results":{"code":"SUCCESS","msg":[{"type":"TEXT","data":"+-------------+----------+--------+---------+------------+\n|          VIN|      DATE|LATITUDE|LONGITUDE|RUN_DISTANCE|\n+-------------+----------+--------+---------+------------+\n|F30YNJ3177066|2015-01-03| 36.5231| 128.1298|    119080.0|\n|F30YNJ3086500|2015-01-02| 35.5134| 126.9867|     87607.0|\n|F30YNJ3078051|2015-01-01| 37.1235| 127.8076|    179303.0|\n|F30YNJ3105876|2015-01-02| 35.8324| 127.3807|     59807.0|\n|F30YNJ3193901|2015-01-03| 35.8324| 127.3807|    119080.0|\n|F30YNJ3019825|2015-01-01| 37.8192| 127.3701|     49271.0|\n|F30YNJ3144509|2015-01-02|37.48765| 128.2195|      3670.0|\n|F30YNJ3018901|2015-01-01|37.48765| 128.2195|     92370.0|\n|F30YNJ3074222|2015-01-01|36.10976| 128.4763|     59807.0|\n|F30YNJ3007239|2015-01-01| 37.8657| 127.1078|     20810.0|\n+-------------+----------+--------+---------+------------+\nonly showing top 10 rows\n\n"}]},"apps":[],"jobName":"paragraph_1523340011361_257843748","id":"20171123-074845_1040299168","dateCreated":"Apr 10, 2018 6:00:11 AM","status":"READY","errorMessage":"","progressUpdateIntervalMs":500},{"text":"%sql\nselect * from header limit 100","dateUpdated":"Apr 10, 2018 6:00:11 AM","config":{"colWidth":12,"editorMode":"ace/mode/sql","results":{"0":{"graph":{"mode":"table","height":300,"optionOpen":true,"setting":{"multiBarChart":{}},"commonSetting":{},"keys":[{"name":"VIN","index":0,"aggr":"sum"}],"groups":[],"values":[{"name":"RUN_DISTANCE","index":4,"aggr":"sum"}]},"helium":{}}},"enabled":true,"editorSetting":{"language":"sql","editOnDblClick":false}},"settings":{"params":{},"forms":{}},"results":{"code":"SUCCESS","msg":[{"type":"TABLE","data":"VIN\tDATE\tLATITUDE\tLONGITUDE\tRUN_DISTANCE\nF30YNJ3177066\t2015-01-03\t36.5231\t128.1298\t119080.0\nF30YNJ3086500\t2015-01-02\t35.5134\t126.9867\t87607.0\nF30YNJ3078051\t2015-01-01\t37.1235\t127.8076\t179303.0\nF30YNJ3105876\t2015-01-02\t35.8324\t127.3807\t59807.0\nF30YNJ3193901\t2015-01-03\t35.8324\t127.3807\t119080.0\nF30YNJ3019825\t2015-01-01\t37.8192\t127.3701\t49271.0\nF30YNJ3144509\t2015-01-02\t37.48765\t128.2195\t3670.0\nF30YNJ3018901\t2015-01-01\t37.48765\t128.2195\t92370.0\nF30YNJ3074222\t2015-01-01\t36.10976\t128.4763\t59807.0\nF30YNJ3007239\t2015-01-01\t37.8657\t127.1078\t20810.0\nF30YNJ3152979\t2015-01-02\t36.9654\t127.7026\t119080.0\nF30YNJ3015366\t2015-01-01\t37.8657\t127.1078\t73808.0\nF30YNJ3186488\t2015-01-03\t37.8192\t127.3701\t87607.0\nF30YNJ3173132\t2015-01-03\t36.9654\t127.7026\t38981.0\nF30YNJ3198227\t2015-01-03\t37.48765\t128.2195\t59807.0\nF30YNJ3025495\t2015-01-01\t36.3714\t128.4875\t20810.0\nF30YNJ3198885\t2015-01-03\t36.9654\t127.7026\t92370.0\nF30YNJ3013511\t2015-01-01\t37.48765\t128.2195\t59807.0\nF30YNJ3126134\t2015-01-02\t36.9654\t127.7026\t59807.0\nF30YNJ3146567\t2015-01-02\t35.5134\t126.9867\t40173.0\nF30YNJ3159349\t2015-01-02\t35.5134\t126.9867\t73808.0\nF30YNJ3091953\t2015-01-02\t37.8192\t127.3701\t92370.0\nF30YNJ3167182\t2015-01-02\t37.8657\t127.1078\t179303.0\nF30YNJ3172362\t2015-01-02\t37.8192\t127.3701\t3670.0\nF30YNJ3042379\t2015-01-01\t35.8324\t127.3807\t73808.0\nF30YNJ3008331\t2015-01-01\t37.1235\t127.8076\t59807.0\nF30YNJ3104497\t2015-01-02\t36.10976\t128.4763\t92370.0\nF30YNJ3123922\t2015-01-02\t36.9654\t127.7026\t20810.0\nF30YNJ3102754\t2015-01-02\t36.5231\t128.1298\t59807.0\nF30YNJ3117307\t2015-01-02\t37.8657\t127.1078\t20810.0\nF30YNJ3173657\t2015-01-03\t37.8192\t127.3701\t119080.0\nF30YNJ3196043\t2015-01-03\t35.8324\t127.3807\t59807.0\nF30YNJ3027497\t2015-01-01\t37.8657\t127.1078\t38981.0\nF30YNJ3140561\t2015-01-02\t37.8192\t127.3701\t59807.0\nF30YNJ3093311\t2015-01-02\t36.3714\t128.4875\t87607.0\nF30YNJ3055203\t2015-01-01\t35.5134\t126.9867\t59807.0\nF30YNJ3108613\t2015-01-02\t36.9654\t127.7026\t73808.0\nF30YNJ3011670\t2015-01-01\t36.3714\t128.4875\t50618.0\nF30YNJ3171480\t2015-01-02\t36.10976\t128.4763\t87607.0\nF30YNJ3008982\t2015-01-01\t36.3714\t128.4875\t3670.0\nF30YNJ3083266\t2015-01-01\t36.5231\t128.1298\t3670.0\nF30YNJ3188497\t2015-01-03\t36.9654\t127.7026\t59807.0\nF30YNJ3194027\t2015-01-03\t35.8324\t127.3807\t3670.0\nF30YNJ3060306\t2015-01-01\t36.5231\t128.1298\t92370.0\nF30YNJ3008975\t2015-01-01\t36.9654\t127.7026\t40173.0\nF30YNJ3076721\t2015-01-01\t35.8324\t127.3807\t179303.0\nF30YNJ3044766\t2015-01-01\t37.1235\t127.8076\t59807.0\nF30YNJ3100297\t2015-01-02\t35.5134\t126.9867\t73808.0\nF30YNJ3116698\t2015-01-02\t36.5231\t128.1298\t92370.0\nF30YNJ3073816\t2015-01-01\t35.5134\t126.9867\t40173.0\nF30YNJ3038116\t2015-01-01\t36.3714\t128.4875\t120479.0\nF30YNJ3053698\t2015-01-01\t37.8192\t127.3701\t40173.0\nF30YNJ3167504\t2015-01-02\t36.9654\t127.7026\t3670.0\nF30YNJ3002612\t2015-01-01\t36.9654\t127.7026\t20810.0\nF30YNJ3081495\t2015-01-01\t37.8657\t127.1078\t119080.0\nF30YNJ3058150\t2015-01-01\t36.9654\t127.7026\t73808.0\nF30YNJ3189050\t2015-01-03\t37.1235\t127.8076\t3670.0\nF30YNJ3072493\t2015-01-01\t35.5134\t126.9867\t119080.0\nF30YNJ3181973\t2015-01-03\t36.10976\t128.4763\t3670.0\nF30YNJ3117965\t2015-01-02\t37.1235\t127.8076\t40173.0\nF30YNJ3008142\t2015-01-01\t36.9654\t127.7026\t38981.0\nF30YNJ3133617\t2015-01-02\t36.5231\t128.1298\t119080.0\nF30YNJ3143179\t2015-01-02\t37.8192\t127.3701\t50618.0\nF30YNJ3013357\t2015-01-01\t36.10976\t128.4763\t179303.0\nF30YNJ3121003\t2015-01-02\t35.5134\t126.9867\t40173.0\nF30YNJ3137411\t2015-01-02\t36.5231\t128.1298\t92370.0\nF30YNJ3009871\t2015-01-01\t37.48765\t128.2195\t120479.0\nF30YNJ3184185\t2015-01-03\t36.9654\t127.7026\t50618.0\nF30YNJ3158320\t2015-01-02\t36.5231\t128.1298\t92370.0\nF30YNJ3167287\t2015-01-02\t36.10976\t128.4763\t73808.0\nF30YNJ3166846\t2015-01-02\t35.5134\t126.9867\t73808.0\nF30YNJ3009787\t2015-01-01\t36.5231\t128.1298\t20810.0\nF30YNJ3123089\t2015-01-02\t36.10976\t128.4763\t119080.0\nF30YNJ3100549\t2015-01-02\t37.8657\t127.1078\t119080.0\nF30YNJ3173545\t2015-01-03\t37.8192\t127.3701\t92370.0\nF30YNJ3111826\t2015-01-02\t37.48765\t128.2195\t120479.0\nF30YNJ3139385\t2015-01-02\t36.10976\t128.4763\t50618.0\nF30YNJ3179068\t2015-01-03\t37.8192\t127.3701\t3670.0\nF30YNJ3012433\t2015-01-01\t36.5231\t128.1298\t73808.0\nF30YNJ3060117\t2015-01-01\t37.1235\t127.8076\t119080.0\nF30YNJ3126701\t2015-01-02\t35.8324\t127.3807\t179303.0\nF30YNJ3070785\t2015-01-01\t37.8192\t127.3701\t38981.0\nF30YNJ3071065\t2015-01-01\t37.48765\t128.2195\t87607.0\nF30YNJ3082265\t2015-01-01\t35.5134\t126.9867\t92370.0\nF30YNJ3177556\t2015-01-03\t37.1235\t127.8076\t87607.0\nF30YNJ3079311\t2015-01-01\t37.48765\t128.2195\t87607.0\nF30YNJ3011236\t2015-01-01\t35.5134\t126.9867\t49271.0\nF30YNJ3124314\t2015-01-02\t37.8192\t127.3701\t120479.0\nF30YNJ3076035\t2015-01-01\t36.3714\t128.4875\t73808.0\nF30YNJ3098064\t2015-01-02\t35.5134\t126.9867\t40173.0\nF30YNJ3099142\t2015-01-02\t37.1235\t127.8076\t20810.0\nF30YNJ3006539\t2015-01-01\t37.8657\t127.1078\t59807.0\nF30YNJ3017753\t2015-01-01\t36.10976\t128.4763\t40173.0\nF30YNJ3143627\t2015-01-02\t36.5231\t128.1298\t120479.0\nF30YNJ3132896\t2015-01-02\t35.8324\t127.3807\t38981.0\nF30YNJ3192683\t2015-01-03\t36.5231\t128.1298\t179303.0\nF30YNJ3146259\t2015-01-02\t36.10976\t128.4763\t179303.0\nF30YNJ3041763\t2015-01-01\t37.8657\t127.1078\t119080.0\nF30YNJ3172733\t2015-01-02\t36.3714\t128.4875\t73808.0\nF30YNJ3030675\t2015-01-01\t37.8657\t127.1078\t59807.0\n"}]},"apps":[],"jobName":"paragraph_1523340011361_257843748","id":"20171123-075041_1219658104","dateCreated":"Apr 10, 2018 6:00:11 AM","status":"READY","errorMessage":"","progressUpdateIntervalMs":500},{"dateUpdated":"Apr 10, 2018 6:00:11 AM","config":{"colWidth":12,"editorMode":"ace/mode/scala","results":{},"enabled":true,"editorSetting":{"language":"scala"}},"settings":{"params":{},"forms":{}},"apps":[],"jobName":"paragraph_1523340011362_258997994","id":"20180321-215701_1705778948","dateCreated":"Apr 10, 2018 6:00:11 AM","status":"READY","errorMessage":"","progressUpdateIntervalMs":500}],"name":"BDC_oneday_trip3_weblog","id":"2DAN77TXP","angularObjects":{"2DC2BBTPB:shared_process":[],"2DB9HQWKK:shared_process":[],"2DBCZNZ8E:shared_process":[],"2DBV3FY8S:shared_process":[],"2DADJTZW3:shared_process":[],"2DDCFNU8Q:shared_process":[],"2DBP3H9Z3:shared_process":[],"2C4U48MY3_spark2:shared_process":[]},"config":{},"info":{}}