{"paragraphs":[{"text":"import org.apache.spark.sql.Row\nimport org.apache.spark.sql.SparkSession\nimport org.apache.spark.sql.types.{StructType, StructField, StringType, IntegerType,BooleanType}\nimport spark.implicits._\nimport spark.sql\n\nval nc_schema = StructType(Array(\n    StructField(\"n_code\", IntegerType, true),\n    StructField(\"category\", StringType, true),\n    StructField(\"category_level\", StringType, true),\n    StructField(\"major_category\", StringType, true),\n    StructField(\"minor_category\", StringType, true),\n    StructField(\"detail_category_lev1\", StringType, true),\n    StructField(\"detail_category_lev2\", StringType, true),\n    StructField(\"detail_category_lev3\", StringType, true)))\n\nval ncDF = sqlContext.read\n    .format(\"com.databricks.spark.csv\")\n    .option(\"header\", \"false\") // Use first line of all files as header\n    .option(\"inferSchema\", \"false\") // Automatically infer data types\n    .schema(nc_schema)\n    .load(\"/user/oracle/customs/new_char_data.csv\")\nncDF.createOrReplaceTempView(\"new_nature\")\n\nval nat_eco_schema = StructType(Array(\n    StructField(\"c_code\", IntegerType, true),\n    StructField(\"economy\", IntegerType, true)))\n\nval nat_ecoDF = sqlContext.read\n    .format(\"com.databricks.spark.csv\")\n    .option(\"header\", \"false\") // Use first line of all files as header\n    .option(\"inferSchema\", \"false\") // Automatically infer data types\n    .schema(nat_eco_schema)\n    .load(\"/user/oracle/customs/national_economy.csv\")\nnat_ecoDF.createOrReplaceTempView(\"national_economy\")\n\nval nat_cont_schema = StructType(Array(\n    StructField(\"c_code\", IntegerType, true),\n    StructField(\"country\", StringType, true),\n    StructField(\"continent\", StringType, true)))\n\nval nat_contDF = sqlContext.read\n    .format(\"com.databricks.spark.csv\")\n    .option(\"header\", \"false\") // Use first line of all files as header\n    .option(\"inferSchema\", \"false\") // Automatically infer data types\n    .schema(nat_cont_schema)\n    .load(\"/user/oracle/customs/national.csv\")\nnat_contDF.createOrReplaceTempView(\"national_continent\")\n    \nval permonDF = sqlContext.read\n    .format(\"com.databricks.spark.csv\")\n    .option(\"header\", \"true\") // Use first line of all files as header\n    .option(\"inferSchema\", \"true\") // Automatically infer data types\n    .load(\"/user/oracle/customs/per_month.csv\")\npermonDF.createOrReplaceTempView(\"permonth\")\n\nval peryearDF = sqlContext.read\n    .format(\"com.databricks.spark.csv\")\n    .option(\"header\", \"true\") // Use first line of all files as header\n    .option(\"inferSchema\", \"true\") // Automatically infer data types\n    .load(\"/user/oracle/customs/per_year.csv\")\nperyearDF.createOrReplaceTempView(\"peryear\")","dateUpdated":"Apr 10, 2018 6:00:46 AM","config":{"tableHide":false,"editorSetting":{"language":"scala"},"colWidth":12,"editorMode":"ace/mode/scala","editorHide":false,"results":{},"enabled":true},"settings":{"params":{},"forms":{}},"results":{"code":"SUCCESS","msg":[{"type":"TEXT","data":"import org.apache.spark.sql.Row\nimport org.apache.spark.sql.SparkSession\nimport org.apache.spark.sql.types.{StructType, StructField, StringType, IntegerType, BooleanType}\nimport spark.implicits._\nimport spark.sql\nnc_schema: org.apache.spark.sql.types.StructType = StructType(StructField(n_code,IntegerType,true), StructField(category,StringType,true), StructField(category_level,StringType,true), StructField(major_category,StringType,true), StructField(minor_category,StringType,true), StructField(detail_category_lev1,StringType,true), StructField(detail_category_lev2,StringType,true), StructField(detail_category_lev3,StringType,true))\nncDF: org.apache.spark.sql.DataFrame = [n_code: int, category: string ... 6 more fields]\nnat_eco_schema: org.apache.spark.sql.types.StructType = StructType(StructField(c_code,IntegerType,true), StructField(economy,IntegerType,true))\nnat_ecoDF: org.apache.spark.sql.DataFrame = [c_code: int, economy: int]\nnat_cont_schema: org.apache.spark.sql.types.StructType = StructType(StructField(c_code,IntegerType,true), StructField(country,StringType,true), StructField(continent,StringType,true))\nnat_contDF: org.apache.spark.sql.DataFrame = [c_code: int, country: string ... 1 more field]\npermonDF: org.apache.spark.sql.DataFrame = [period: double, c_code: int ... 7 more fields]\nperyearDF: org.apache.spark.sql.DataFrame = [period: int, c_code: int ... 7 more fields]\n"}]},"apps":[],"jobName":"paragraph_1523340046648_1764718010","id":"20170817-071655_227953028","dateCreated":"Apr 10, 2018 6:00:46 AM","status":"READY","errorMessage":"","progressUpdateIntervalMs":500},{"text":"%sql\nselect period,sum(balance)\nfrom peryear\nwhere c_code=1\ngroup by period\norder by period","dateUpdated":"Apr 10, 2018 6:00:46 AM","config":{"colWidth":12,"editorMode":"ace/mode/sql","results":{"0":{"graph":{"mode":"stackedAreaChart","height":300,"optionOpen":false},"helium":{}}},"enabled":true,"editorSetting":{"language":"sql"}},"settings":{"params":{},"forms":{}},"results":{"code":"SUCCESS","msg":[{"type":"TABLE","data":"period\tsum(balance)\n2002\t9774531\n2003\t9405021\n2004\t14066795\n2005\t10756732\n2006\t9529385\n2007\t8546609\n2008\t8011830\n2009\t8610391\n2010\t9413390\n2011\t11638690\n2012\t15183591\n2013\t20540568\n2014\t25001612\n2015\t25807680\n2016\t23246272\n2017\t17870041\n"}]},"apps":[],"jobName":"paragraph_1523340046648_1764718010","id":"20180322-222347_575190848","dateCreated":"Apr 10, 2018 6:00:46 AM","status":"READY","errorMessage":"","progressUpdateIntervalMs":500},{"text":"%sql\nselect detail_category_lev2,sum(expAmount) totalExpAmount from\n(select new_nature.detail_category_lev2,permonth.expAmount\nfrom new_nature INNER JOIN permonth on new_nature.n_code = permonth.n_code\nwhere new_nature.detail_category_lev1 = \"1)철강\"and permonth.c_code=1)\ngroup by detail_category_lev2\norder by totalExpAmount desc","dateUpdated":"Apr 10, 2018 6:00:46 AM","config":{"colWidth":12,"editorMode":"ace/mode/sql","results":{"0":{"graph":{"mode":"pieChart","height":300,"optionOpen":false},"helium":{}}},"enabled":true,"editorSetting":{"language":"sql","editOnDblClick":false}},"settings":{"params":{},"forms":{}},"results":{"code":"SUCCESS","msg":[{"type":"TABLE","data":"detail_category_lev2\ttotalExpAmount\n-철강 판재\t15991382\n-강관\t15356336\n-주·단강\t2294876\n-봉·형강\t2020246\n-강선\t1406600\n-철강 원부자재\t1001059\n-철강 반제품\t81721\n-고철\t9960\n"}]},"apps":[],"jobName":"paragraph_1523340046649_1764333261","id":"20180321-044456_463358903","dateCreated":"Apr 10, 2018 6:00:46 AM","status":"READY","errorMessage":"","progressUpdateIntervalMs":500},{"text":"%sql\nselect peryear.period,new_nature.detail_category_lev2 ,sum(peryear.expAmount) Export_Amount\nfrom new_nature INNER JOIN peryear on new_nature.n_code = peryear.n_code\nwhere new_nature.detail_category_lev2 in (\"-강관\",\"-철강 판재\") and peryear.c_code=1\ngroup by peryear.period,new_nature.detail_category_lev2\norder by period","dateUpdated":"Apr 10, 2018 6:00:46 AM","config":{"colWidth":12,"editorMode":"ace/mode/sql","results":{"0":{"graph":{"mode":"lineChart","height":300,"optionOpen":true,"setting":{"lineChart":{}},"commonSetting":{},"keys":[{"name":"period","index":0,"aggr":"sum"}],"groups":[{"name":"detail_category_lev2","index":1,"aggr":"sum"}],"values":[{"name":"Export_Amount","index":2,"aggr":"sum"}]},"helium":{}}},"enabled":true,"editorSetting":{"language":"sql"}},"settings":{"params":{},"forms":{}},"results":{"code":"SUCCESS","msg":[{"type":"TABLE","data":"period\tdetail_category_lev2\tExport_Amount\n2002\t-강관\t156022\n2002\t-철강 판재\t371530\n2003\t-강관\t171065\n2003\t-철강 판재\t282976\n2004\t-철강 판재\t701103\n2004\t-강관\t301155\n2005\t-철강 판재\t815388\n2005\t-강관\t426969\n2006\t-강관\t507224\n2006\t-철강 판재\t1161102\n2007\t-철강 판재\t801342\n2007\t-강관\t558695\n2008\t-강관\t1083213\n2008\t-철강 판재\t1075024\n2009\t-철강 판재\t511847\n2009\t-강관\t263550\n2010\t-철강 판재\t737941\n2010\t-강관\t999901\n2011\t-강관\t1464879\n2011\t-철강 판재\t1249716\n2012\t-철강 판재\t1301950\n2012\t-강관\t1762791\n2013\t-강관\t1724057\n2013\t-철강 판재\t1136066\n2014\t-철강 판재\t1892302\n2014\t-강관\t2495721\n2015\t-강관\t910901\n2015\t-철강 판재\t1596267\n2016\t-강관\t797873\n2016\t-철강 판재\t1379982\n2017\t-강관\t1732318\n2017\t-철강 판재\t976839\n"}]},"apps":[],"jobName":"paragraph_1523340046649_1764333261","id":"20180321-070739_760165867","dateCreated":"Apr 10, 2018 6:00:46 AM","status":"READY","errorMessage":"","progressUpdateIntervalMs":500},{"text":"%sql\nselect peryear.period,national_continent.country ,sum(peryear.expAmount) Export_Amount\nfrom national_continent INNER JOIN peryear on national_continent.c_code = peryear.c_code\nwhere peryear.c_code in (10,17,24)\ngroup by peryear.period,national_continent.country\norder by period","dateUpdated":"Apr 10, 2018 6:00:46 AM","config":{"colWidth":12,"editorMode":"ace/mode/sql","results":{"0":{"graph":{"mode":"lineChart","height":300,"optionOpen":true,"setting":{"lineChart":{},"scatterChart":{"xAxis":{"name":"period","index":0,"aggr":"sum"},"yAxis":{"name":"Export_Amount","index":2,"aggr":"sum"},"group":{"name":"country","index":1,"aggr":"sum"}}},"keys":[{"name":"period","index":0,"aggr":"sum"}],"groups":[{"name":"country","index":1,"aggr":"sum"}],"values":[{"name":"Export_Amount","index":2,"aggr":"sum"}]},"helium":{}}},"enabled":true,"editorSetting":{"language":"sql"}},"settings":{"params":{},"forms":{}},"results":{"code":"SUCCESS","msg":[{"type":"TABLE","data":"period\tcountry\tExport_Amount\n2002\t베트남\t2240179\n2002\t인도네시아\t3144775\n2002\t인도\t1384128\n2003\t베트남\t2561223\n2003\t인도네시아\t3377628\n2003\t인도\t2852949\n2004\t인도네시아\t3677731\n2004\t인도\t3631979\n2004\t베트남\t3255571\n2005\t인도\t4597828\n2005\t베트남\t3431653\n2005\t인도네시아\t5045573\n2006\t베트남\t3927476\n2006\t인도\t5532798\n2006\t인도네시아\t4873524\n2007\t베트남\t5760063\n2007\t인도네시아\t5770620\n2007\t인도\t6600042\n2008\t인도네시아\t7933622\n2008\t인도\t8977059\n2008\t베트남\t7804817\n2009\t인도네시아\t5999872\n2009\t베트남\t7149469\n2009\t인도\t8013289\n2010\t베트남\t9652070\n2010\t인도\t11434599\n2010\t인도네시아\t8897299\n2011\t인도네시아\t13564495\n2011\t인도\t12654081\n2011\t베트남\t13464922\n2012\t인도네시아\t13955023\n2012\t인도\t11922045\n2012\t베트남\t15945982\n2013\t인도\t11375792\n2013\t인도네시아\t11568174\n2013\t베트남\t21087579\n2014\t인도네시아\t11360647\n2014\t인도\t12782484\n2014\t베트남\t22351680\n2015\t베트남\t27770753\n2015\t인도네시아\t7872412\n2015\t인도\t12029586\n2016\t인도\t11596290\n2016\t인도네시아\t6608530\n2016\t베트남\t32630455\n2017\t인도네시아\t8410640\n2017\t베트남\t47749163\n2017\t인도\t15055935\n"}]},"apps":[],"jobName":"paragraph_1523340046649_1764333261","id":"20180323-002604_669105824","dateCreated":"Apr 10, 2018 6:00:46 AM","status":"READY","errorMessage":"","progressUpdateIntervalMs":500},{"text":"%sql\nselect national_continent.country ,sum(peryear.expAmount) Export_Amount\nfrom national_continent INNER JOIN peryear on national_continent.c_code = peryear.c_code\nwhere national_continent.continent = \"아시아\" and peryear.period = 2017\ngroup by national_continent.country,period\norder by Export_Amount desc\nlimit 10","dateUpdated":"Apr 10, 2018 6:00:46 AM","config":{"colWidth":12,"editorMode":"ace/mode/sql","results":{"0":{"graph":{"mode":"pieChart","height":300,"optionOpen":true,"setting":{"scatterChart":{"xAxis":{"name":"period","index":0,"aggr":"sum"},"yAxis":{"name":"Export_Amount","index":2,"aggr":"sum"},"group":{"name":"country","index":1,"aggr":"sum"},"size":{"name":"Export_Amount","index":2,"aggr":"sum"}},"pieChart":{}},"commonSetting":{},"keys":[{"name":"country","index":0,"aggr":"sum"}],"groups":[],"values":[{"name":"Export_Amount","index":1,"aggr":"sum"}]},"helium":{}}},"enabled":true,"editorSetting":{"language":"sql","editOnDblClick":false}},"settings":{"params":{},"forms":{}},"results":{"code":"SUCCESS","msg":[{"type":"TABLE","data":"country\tExport_Amount\n중국\t142115179\n베트남\t47749163\n홍콩\t39115660\n일본\t26827467\n인도\t15055935\n대만\t14884957\n싱가포르\t11648842\n필리핀\t10595496\n인도네시아\t8410640\n말레이지아\t8045650\n"}]},"apps":[],"jobName":"paragraph_1523340046649_1764333261","id":"20180323-003822_967607771","dateCreated":"Apr 10, 2018 6:00:46 AM","status":"READY","errorMessage":"","progressUpdateIntervalMs":500},{"text":"%sql\n","dateUpdated":"Apr 10, 2018 6:00:46 AM","config":{"colWidth":12,"editorMode":"ace/mode/sql","results":{},"enabled":true,"editorSetting":{"language":"sql"}},"settings":{"params":{},"forms":{}},"apps":[],"jobName":"paragraph_1523340046650_1765487508","id":"20180323-011126_995433595","dateCreated":"Apr 10, 2018 6:00:46 AM","status":"READY","errorMessage":"","progressUpdateIntervalMs":500}],"name":"BDC_oneday_trip5_customs_service","id":"2DARA5DKP","angularObjects":{"2DC2BBTPB:shared_process":[],"2DB9HQWKK:shared_process":[],"2DBCZNZ8E:shared_process":[],"2DBV3FY8S:shared_process":[],"2DADJTZW3:shared_process":[],"2DDCFNU8Q:shared_process":[],"2DBP3H9Z3:shared_process":[],"2C4U48MY3_spark2:shared_process":[]},"config":{},"info":{}}