﻿국가코드,경제권
1,OECD
1,NAFTA
1,APEC
2,APEC
2,아셈
3,OECD
3,APEC
3,아셈
4,APEC
4,동남아
5,APEC
5,동남아
6,EU
6,OECD
6,아셈
7,EU
7,OECD
7,아셈
8,ASEAN
8,APEC
8,동남아
8,아셈
9,ASEAN
9,APEC
9,동남아
9,아셈
10,ASEAN
10,APEC
10,동남아
10,아셈
11,ASEAN
11,APEC
11,동남아
11,아셈
12,EU
12,OECD
12,아셈
13,OECD
13,NAFTA
13,APEC
14,OECD
14,APEC
14,아셈
15,ASEAN
15,APEC
15,동남아
15,아셈
17,ASEAN
17,APEC
17,동남아
17,아셈
18,OECD
18,NAFTA
18,APEC
19,EU
19,OECD
19,아셈
20,EU
20,OECD
20,아셈
21,EU
21,OECD
21,아셈
22,EU
22,OECD
22,아셈
24,아셈
26,MERCOSUR
29,CIS
29,APEC
29,아셈
31,OECD
32,EU
32,OECD
32,아셈
34,EU
34,OECD
34,아셈
36,EU
36,OECD
36,아셈
37,EU
37,아셈
38,EU
38,아셈
39,아셈
42,APEC
43,OECD
43,EFTA
43,아셈
44,아셈
45,EU
45,OECD
45,아셈
46,EU
46,OECD
46,아셈
48,OECD
48,EFTA
48,아셈
49,EU
49,OECD
49,동구권
49,아셈
51,EU
51,OECD
51,동구권
51,아셈
53,OECD
53,APEC
53,아셈
57,EU
57,OECD
57,아셈
60,EU
60,OECD
60,아셈
61,CIS
62,APEC
64,CIS
70,EU
70,동구권
70,아셈
71,EU
71,OECD
71,아셈
73,ASEAN
73,동남아
73,아셈
77,CIS
77,아셈
78,ASEAN
78,동남아
78,아셈
80,EU
80,OECD
80,동구권
80,아셈
85,아셈
92,EU
92,동구권
92,아셈
93,EU
93,동구권
93,아셈
95,MERCOSUR
101,EU
101,아셈
102,MERCOSUR
103,EU
103,동구권
103,아셈
104,CIS
105,ASEAN
105,APEC
105,동남아
105,아셈
108,CIS
109,MERCOSUR
110,EU
110,아셈
116,EU
116,OECD
116,동구권
116,아셈
118,EU
118,OECD
118,아셈
123,OECD
123,EFTA
134,APEC
139,CIS
144,CIS
151,ASEAN
151,동남아
151,아셈
153,CIS
159,동구권
159,동구권
161,동구권
163,동구권
165,CIS
174,CIS
194,EFTA
240,동구권
241,동구권
